name,number,image,type.0,type.1,type.2,hp,attack,defense,sp_atk,sp_def,speed,heightM,weightKG,evo_from,evo_to.0,evo_to.1,evo_to.2,evo_to.3,evo_to.4,evo_to.5,evo_to.6,evo_to.7
Bulbasaur,1,001 Bulbasaur.jpg,Grass,Poison,,45,49,49,65,65,45,0.7,6.9,,Ivysaur,,,,,,,
Ivysaur,2,002 Ivysaur.jpg,Grass,Poison,,60,62,63,80,80,60,1,13,Bulbasaur,Venusaur,,,,,,,
Venusaur,3,003 Venusaur.jpg,Grass,Poison,,80,82,83,100,100,80,2,100,Ivysaur,Mega Venusaur,,,,,,,
Mega Venusaur,3,003.5 Mega Venusaur.jpg,Grass,Poison,,80,100,123,122,120,80,2.4,155.5,Venusaur,,,,,,,,
Charmander,4,004 Charmander.jpg,Fire,,,39,52,43,60,50,65,0.6,8.5,,Charmeleon,,,,,,,
Charmeleon,5,005 Charmeleon.jpg,Fire,,,58,64,58,80,65,80,11,19,Charmander,Charizard,,,,,,,
Charizard,6,006 Charizard.jpg,Fire,Flying,,78,84,78,109,85,100,1.7,90.5,Charmeleon,Mega Charizard X,Mega Charizard Y,Mega Charizard Z (X&Y),,,,,
Mega Charizard X,6,006.5 Mega Charizard X.jpg,Fire,Flying,,78,130,111,130,85,100,1.7,110.5,Charizard,,,,,,,,
Mega Charizard Y,6,006.5 Mega Charizard Y.jpg,Fire,Dragon,,78,104,78,159,115,100,1.7,100.5,Charizard,,,,,,,,
Mega Charizard Z (X&Y),6,006.5 Mega Charizard Z (X&Y).jpg,Fire,Flying,Dragon,78,130,111,159,115,100,1.7,110.5,Charizard,,,,,,,,
Squirtle,7,007 Squirtle.jpg,Water,,,44,48,65,50,64,43,0.5,9,,Wartortle,,,,,,,
Wartortle,8,008 Wartortle.jpg,Water,,,59,63,80,65,80,58,1,22.5,Squirtle,Blastoise,,,,,,,
Blastoise,9,009 Blastoise.jpg,Water,,,79,83,100,85,105,78,1.6,85.5,Wartortle,Mega Blastoise,,,,,,,
Mega Blastoise,9,009.5 Mega Blastoise.jpg,Water,,,79,103,120,135,115,78,1.6,85.5,Blastoise,,,,,,,,
Caterpie,10,010 Caterpie.jpg,Bug,,,45,30,35,20,20,45,0.3,0.9,,Metapod,,,,,,,
Metapod,11,011 Metapod.jpg,Bug,,,50,20,55,25,25,30,0.7,9.9,Caterpie,Butterfree,,,,,,,
Butterfree,12,012 Butterfree.jpg,Bug,Flying,,60,45,50,90,80,70,1.1,32,Metapod,,,,,,,,
Weedle,13,013 Weedle.jpg,Bug,Poison,,40,35,30,20,20,50,0.3,3.2,,Kakuna,,,,,,,
Kakuna,14,014 Kakuna.jpg,Bug,Poison,,45,25,50,25,25,35,0.6,10,Weedle,Beedrill,,,,,,,
Beedrill,15,015 Beedrill.jpg,Bug,Poison,,65,90,40,45,80,75,1,29.5,Kakuna,Mega Beedrill,,,,,,,
Mega Beedrill,15,015.5 Mega Beedrill.jpg,Bug,Poison,,65,150,40,15,80,145,1.4,40.5,Beedrill,,,,,,,,
Pidgey,16,016 Pidgey.jpg,Normal,Flying,,40,45,40,35,35,56,0.3,1.8,,Pidgeotto,,,,,,,
Pidgeotto,17,017 Pidgeotto.jpg,Normal,Flying,,63,60,55,50,50,71,1.1,30,Pidgey,Pidgeot,,,,,,,
Pidgeot,18,018 Pidgeot.jpg,Normal,Flying,,83,80,75,70,70,101,1.5,39.5,Pidgeotto,Mega Pidgeot,,,,,,,
Mega Pidgeot,18,018.5 Mega Pidgeot.jpg,Normal,Flying,,83,80,80,135,80,121,2.2,50.5,Pidgeot,,,,,,,,
Rattata,19,019 Rattata.jpg,Normal,,,30,56,35,25,35,72,0.3,3.5,,Rattata Alolan,,,,,,,
Rattata Alolan,19,019 Rattata Alolan.jpg,Normal,Dark,,30,56,35,25,35,72,0.3,3.8,Rattata,,,,,,,,
Raticate,20,020 Raticate.jpg,Normal,,,55,81,60,50,70,97,0.7,18.5,,Raticate Alolan,,,,,,,
Raticate Alolan,20,020 Raticate Alolan.jpg,Normal,Dark,,75,71,70,40,80,77,0.7,25.5,Raticate,,,,,,,,
Spearow,21,021 Spearow.jpg,Normal,Flying,,40,60,30,31,31,70,0.3,2,,Fearow,,,,,,,
Fearow,22,022 Fearow.jpg,Normal,Flying,,65,90,65,61,61,100,1.2,38,Spearow,,,,,,,,
Ekans,23,023 Ekans.jpg,Poison,,,35,60,44,40,54,55,2,6.9,,Arbok,,,,,,,
Arbok,24,024 Arbok.jpg,Poison,,,60,95,69,65,79,80,3.5,65,Ekans,,,,,,,,
Sandshrew ,27,027 Sandshrew.jpg,Ground,,,50,75,85,20,30,40,0.6,12,,Sandslash ,,,,,,,
Sandshrew Alolan,27,027 Sandshrew Alolan.jpg,Ice,Steel,,50,75,90,10,35,40,0.7,40,,Sandslash Alolan,,,,,,,
Sandslash ,28,028 Sandslash.jpg,Ground,,,75,100,110,45,65,65,1,29.5,Sandshrew,,,,,,,,
Sandslash Alolan,28,028 Sandslash Alolan.jpg,Ice,Steel,,75,100,120,25,65,65,1.2,55,Sandshrew Alolan,,,,,,,,
Nidoran F,29,029 Nidoran F.jpg,Poison,,,55,47,52,40,40,41,0.4,7,,Nidorina,,,,,,,
Nidorina,30,030 Nidorina.jpg,Poison,,,70,67,67,55,55,56,0.8,20,Nidoran F,Nidoqueen,,,,,,,
Nidoqueen,31,031 Nidoqueen.jpg,Poison,Ground,,90,92,87,75,85,76,1.3,60,Nidorina,,,,,,,,
Nidoran M,32,032 Nidoran M.jpg,Poison,,,46,57,40,40,40,50,0.5,9,,Nidorino,,,,,,,
Nidorino,33,033 Nidorino.jpg,Poison,,,61,72,57,55,55,65,0.9,19.5,Nidoran M,Nidoking,,,,,,,
Nidoking,34,034 Nidoking.jpg,Poison,Ground,,81,102,77,85,75,85,1.4,62,Nidorino,,,,,,,,
Vulpix,37,037 Vulpix.jpg,Fire,,,38,41,40,50,65,65,0.6,9.9,,Ninetales,,,,,,,
Vulpix Alolan,37,037 Vulpix Alolan.jpg,Ice,,,38,41,40,50,65,65,0.6,9.9,,Ninetales Alolan,,,,,,,
Ninetales ,38,038 Ninetales.jpg,Fire,,,73,76,75,81,100,100,1.1,19.9,Vulpix,,,,,,,,
Ninetales Alolan,38,038 Ninetales Alolan.jpg,Ice,Fairy,,73,67,75,81,100,109,1.1,19.9,Vulpix Alolan,,,,,,,,
Zubat,41,041 Zubat.jpg,Poison,Flying,,40,45,35,30,40,55,0.8,7.5,,Golbat,,,,,,,
Golbat,42,042 Golbat.jpg,Poison,Flying,,75,80,70,65,75,90,1.6,55,Zubat,Crobat,,,,,,,
Crobat,169,042-169 Crobat.jpg,Poison,Flying,,85,90,80,70,80,130,1.8,75,Golbat,,,,,,,,
Oddish,43,043 Oddish.jpg,Grass,Poison,,45,50,55,75,65,30,0.5,5.4,,Gloom,,,,,,,
Gloom,44,044 Gloom.jpg,Grass,Poison,,60,65,70,85,75,40,0.8,8.6,Oddish,Vileplume,Bellossom,,,,,,
Vileplume,45,044-045 Vileplume.jpg,Grass,Poison,,75,80,85,110,90,50,1.2,18.6,Gloom,,,,,,,,
Bellossom,182,044-182 Bellossom.jpg,Grass,,,75,80,95,90,100,50,0.4,5.8,Gloom,,,,,,,,
Paras,46,046 Paras.jpg,Bug,Grass,,35,70,55,45,55,25,0.3,5.4,,Parasect,,,,,,,
Parasect,47,047 Parasect.jpg,Bug,Grass,,60,95,80,60,80,30,1,29.5,Paras,,,,,,,,
Venonat,48,048 Venonat.jpg,Bug,Poison,,60,55,50,40,55,45,1,30,,Venomoth,,,,,,,
Venomoth,49,049 Venomoth.jpg,Bug,Poison,,70,65,60,90,75,90,1.5,12.5,Venonat,,,,,,,,
Diglett,50,050 Diglett.jpg,Ground,,,10,55,25,35,45,95,0.2,0.8,,Dugtrio,,,,,,,
Diglett Alolan,50,050 Diglett Alolan.jpg,Ground,Steel,,10,55,30,35,45,90,0.2,1,,Dugtrio Alolan,,,,,,,
Dugtrio,51,051 Dugtrio.jpg,Ground,,,35,100,50,50,70,120,0.7,33.3,Diglett,,,,,,,,
Dugtrio Alolan,51,051 Dugtrio Alolan.jpg,Ground,Steel,,35,100,60,50,70,110,0.7,66.6,Diglett Alolan,,,,,,,,
Meowth ,52,052 Meowth.jpg,Normal,,,40,45,35,40,40,90,0.4,4.2,,Meowth,,,,,,,
Meowth Alolan,52,052 Meowth Alolan.jpg,Dark,,,40,35,35,50,40,90,0.4,4.2,,Meowth Alolan,,,,,,,
Meowth Galarian,52,052 Meowth Galarian.jpg,Steel,,,50,65,55,40,40,40,0.4,7.5,,,,,,,,,
Persian,53,053 Persian.jpg,Normal,,,65,70,60,65,65,115,1,32,Meowth,,,,,,,,
Persian Alolan,53,053 Persian Alolan.jpg,Dark,,,65,60,60,75,65,115,1.1,33,Meowth Alolan,,,,,,,,
Perrserker,863,052-863 Perrserker.jpg,Steel,,,70,110,100,50,60,50,0.8,28,Meowth Galarian,,,,,,,,
Psyduck,54,054 Psyduck.jpg,Water,,,50,52,48,65,50,55,0.8,19.6,,Golduck,,,,,,,
Golduck,55,055 Golduck.jpg,Water,,,80,82,78,95,80,85,1.7,76.6,Psyduck,,,,,,,,
Mankey,56,056 Mankey.jpg,Fighting,,,40,80,35,35,45,70,0.5,28,,Primeape,,,,,,,
Primeape,57,057 Primeape.jpg,Fighting,,,65,105,60,60,70,95,1,32,Mankey,,,,,,,,
Growlithe,58,058 Growlithe.jpg,Fire,,,55,70,45,70,50,60,0.7,19,,Arcanine,,,,,,,
Arcanine,59,059 Arcanine.jpg,Fire,,,90,110,80,100,80,95,1.9,155,Growlithe,,,,,,,,
Poliwag,60,060 Poliwag.jpg,Water,,,40,50,40,40,40,90,0.6,12.4,,Poliwhirl,,,,,,,
Poliwhirl,61,061 Poliwhirl.jpg,Water,,,65,65,65,50,50,90,1,20,Poliwag,Poliwrath,Politoed,,,,,,
Poliwrath,62,061-062 Poliwrath.jpg,Water,Fighting,,90,95,95,70,90,70,1.3,54,Poliwhirl,,,,,,,,
Politoed,186,061-186 Politoed.jpg,Water,,,90,75,75,90,100,70,1.1,33.9,Poliwhirl,,,,,,,,
Abra,63,063 Abra.jpg,Psychic,,,25,20,15,105,55,90,0.9,19.5,,Kadabra,,,,,,,
Kadabra,64,064 Kadabra.jpg,Psychic,,,40,35,30,120,70,105,1.3,56.5,Abra,Alakazam,,,,,,,
Alakazam,65,065 Alakazam.jpg,Psychic,,,55,50,45,135,95,120,1.5,48,Kadabra,Mega Alakazam,,,,,,,
Mega Alakazam,65,065.5 Mega Alakazam.jpg,Psychic,,,55,50,65,175,105,150,1.2,48,Alakazam,,,,,,,,
Machop,66,066 Machop.jpg,Fighting,,,70,80,50,35,35,35,0.8,19.5,,Machoke,,,,,,,
Machoke,67,067 Machoke.jpg,Fighting,,,80,100,70,50,60,45,1.5,70.5,Machop,Machamp,,,,,,,
Machamp,68,068 Machamp.jpg,Fighting,,,90,130,80,65,85,55,1.6,130,Machoke,,,,,,,,
Bellsprout,69,069 Bellsprout.jpg,Grass,Poison,,50,755,35,70,30,40,0.7,4,,Weepinbell,,,,,,,
Weepinbell,70,070 Weepinbell.jpg,Grass,Poison,,65,90,50,85,45,55,1,6.4,Bellsprout,Victreebel,,,,,,,
Victreebel,71,071 Victreebel.jpg,Grass,Poison,,80,105,65,100,70,70,1.7,15.5,Weepinbell,,,,,,,,
Tentacool,72,072 Tentacool.jpg,Water,Poison,,40,4,35,550,100,70,0.9,45.5,,Tentacruel,,,,,,,
Tentacruel,73,073 Tentacruel.jpg,Water,Poison,,80,70,65,80,120,100,1.6,55,Tentacool,,,,,,,,
Geodude,74,074 Geodude.jpg,Rock,Ground,,40,80,100,30,30,20,0.4,20,,Graveler,,,,,,,
Geodude Alolan,74,074 Geodude Alolan.jpg,Rock,Electric,,40,80,100,30,30,20,0.4,20.3,,Graveler Alolan,,,,,,,
Graveler,75,075 Graveler.jpg,Rock,Ground,,55,95,115,45,45,35,1,105,Geodude,Golem,,,,,,,
Graveler Alolan,75,075 Graveler Alolan.jpg,Rock,Electric,,55,95,115,45,45,35,1,110,Geodude Alolan,Golem Alolan,,,,,,,
Golem,76,076 Golem.jpg,Rock,Ground,,80,120,130,55,65,45,1.4,300,Graveler,,,,,,,,
Golem Alolan,76,076 Golem Alolan.jpg,Rock,Electric,,80,120,130,55,65,45,1.7,316,Graveler Alolan,,,,,,,,
Ponyta,77,077 Ponyta.jpg,Fire,,,50,85,55,65,65,90,1,30,,Rapidash,,,,,,,
Ponyta Galarian,77,077 Ponyta Galarian.jpg,Psychic,,,50,85,55,65,65,90,0.8,24,Ponyta,,,,,,,,
Rapidash,78,078 Rapidash.jpg,Fire,,,65,100,70,80,80,105,1.7,95,,Rapidash Galarian,,,,,,,
Rapidash Galarian,78,078 Rapidash Galarian.jpg,Psychic,Fairy,,65,100,70,80,80,105,1.7,80,Ponyta Galarian,,,,,,,,
Slowpoke,79,079 Slowpoke.jpg,Water,Psychic,,90,65,65,40,40,15,1.2,36,,Slowbro,,,,,,,
Slowpoke Galarian,79,079 Slowpoke Galarian.jpg,Psychic,,,90,65,65,40,40,15,1.2,36,,Slowbro Galarian,,,,,,,
Slowbro,80,079-080 Slowbro.jpg,Water,Psychic,,95,75,110,100,80,30,1.6,78.5,Slowpoke,Mega Slowbro,,,,,,,
Mega Slowbro,80,079-080-080.5 Mega Slowbro.jpg,Water,Psychic,,95,75,180,130,80,30,2,120,Slowbro,,,,,,,,
Slowbro Galarian,80,079-080 Slowbro Galarian.jpg,Poison,Psychic,,95,100,95,100,70,30,1.6,70.5,Slowpoke Galarian,,,,,,,,
Slowking,199,079-199 Slowking.jpg,Water,Psychic,,95,75,80,100,110,30,2,79.5,Slowpoke,,,,,,,,
Slowking Galarian,199,079-199 Slowking Galarian.jpg,Poison,Psychic,,95,65,80,110,110,30,1.8,79.5,Slowpoke Galarian,,,,,,,,
Magnemite,81,081 Magnemite.jpg,Electric,Steel,,25,35,70,95,55,45,0.3,6,,Magneton,,,,,,,
Magneton,82,082 Magneton.jpg,Electric,Steel,,50,60,95,120,70,70,1,60,Magnemite,Magnezone,,,,,,,
Magnezone,462,082-462 Magnezone.jpg,Electric,Steel,,70,70,115,130,90,60,1.2,180,Magneton,,,,,,,,
Farfetch'd,83,083 Farfetch'd.jpg,Normal,Flying,,52,90,55,58,62,60,0.8,15,,,,,,,,,
Farfetch'd Galarian,83,083 Farfetch'd Galarian.jpg,Fighting,,,52,90,55,58,62,55,0.8,42,,Sirfetchd,,,,,,,
Sirfetchd,865,083-865 Sirfetchd.jpg,Fighting,,,62,135,95,68,82,65,0.8,117,Farfetch'd Galarian,,,,,,,,
Doduo,84,084 Doduo.jpg,Normal,Flying,,35,85,45,35,35,75,1.4,39.2,,Dodrio,,,,,,,
Dodrio,85,085 Dodrio.jpg,Normal,Flying,,60,110,70,60,60,110,1.8,85.2,Doduo,,,,,,,,
Seel,86,086 Seel.jpg,Water,,,65,45,55,45,70,45,1.1,90,,Dewgong,,,,,,,
Dewgong,87,087 Dewgong.jpg,Water,Ice,,90,70,80,70,95,70,1.7,120,Seel,,,,,,,,
Grimer,88,088 Grimer.jpg,Poison,,,80,80,50,40,50,25,0.9,30,,Muk,,,,,,,
Grimer Alolan,88,088 Grimer Alolan.jpg,Poison,Dark,,80,80,50,40,50,25,0.7,42,,Muk Alolan,,,,,,,
Muk,89,089 Muk.jpg,Poison,,,105,105,75,65,100,50,1.2,30,Grimer,,,,,,,,
Muk Alolan,89,089 Muk Alolan.jpg,Poison,Dark,,105,105,75,65,100,50,1,52,Grimer Alolan,,,,,,,,
Shellder,90,090 Shellder.jpg,Water,,,30,65,100,45,25,40,0.3,4,,Cloyster,,,,,,,
Cloyster,91,091 Cloyster.jpg,Water,Ice,,50,95,180,85,45,70,1.5,132.5,Shellder,,,,,,,,
Gastly,92,092 Gastly.jpg,Ghost,Poison,,30,35,30,100,35,80,1.3,0.1,,Haunter,,,,,,,
Haunter,93,093 Haunter.jpg,Ghost,Poison,,45,50,45,115,55,95,1.6,0.1,Gastly,Gengar,,,,,,,
Gengar,94,094 Gengar.jpg,Ghost,Poison,,60,65,60,130,75,110,1.5,40.5,Haunter,Mega Gengar,,,,,,,
Mega Gengar,94,094.5 Mega Gengar.jpg,Ghost,Poison,,60,65,80,170,95,130,1.4,40.5,Gengar,,,,,,,,
Onix,95,095 Onix.jpg,Rock,Ground,,35,45,160,30,45,70,8.8,210,,Steelix,,,,,,,
Steelix,208,095-208 Steelix.jpg,Steel,Ground,,75,85,200,55,65,30,9.2,400,Onix,Mega Steelix,,,,,,,
Mega Steelix,208,095-208-208.5 Mega Steelix.jpg,Steel,Ground,,75,125,230,55,95,30,10.5,740,Steelix,,,,,,,,
Drowzee,96,096 Drowzee.jpg,Psychic,,,60,48,45,43,90,42,1,32.4,,Hypno,,,,,,,
Hypno,97,097 Hypno.jpg,Psychic,,,85,73,70,73,115,67,1.6,75.6,Drowzee,,,,,,,,
Krabby,98,098 Krabby.jpg,Water,,,30,105,90,25,25,50,0.4,6.5,,Kingler,,,,,,,
Kingler,99,099 Kingler.jpg,Water,,,55,130,115,50,50,75,1.3,60,Krabby,,,,,,,,
Voltorb,100,100 Voltorb.jpg,Electric,,,40,30,50,55,55,100,0.5,10.4,,Electrode,,,,,,,
Electrode,101,101 Electrode.jpg,Electric,,,60,50,70,80,80,150,1.2,66.6,Voltorb,,,,,,,,
Exeggcute,102,102 Exeggcute.jpg,Grass,Psychic,,60,40,80,60,45,40,0.4,2.5,,Exeggutor,Exeggutor Alolan,,,,,,
Exeggutor,103,103 Exeggutor.jpg,Grass,Psychic,,95,95,85,125,75,55,2,120,Exeggcute,,,,,,,,
Exeggutor Alolan,103,103 Exeggutor Alolan.jpg,Grass,Dragon,,95,105,85,125,75,45,10.9,415.6,Exeggcute,,,,,,,,
Cubone,104,104 Cubone.jpg,Ground,,,50,50,90,40,50,35,0.4,6.5,,Marowak,Marowak Alolan,,,,,,
Marowak,105,105 Marowak.jpg,Ground,,,60,80,110,50,80,45,1,45,Cubone,,,,,,,,
Marowak Alolan,105,105 Marowak Alolan.jpg,Fire,Ghost,,60,80,110,50,80,45,1,34,Cubone,,,,,,,,
Lickitung,108,108 Lickitung.jpg,Normal,,,90,55,75,60,75,30,1.2,65.5,,Lickilicky,,,,,,,
Lickilicky,463,108-463 Lickilicky.jpg,Normal,,,110,85,95,80,95,50,1.7,140,Lickitung,,,,,,,,
Koffing,109,109 Koffing.jpg,Poison,,,40,65,95,60,45,35,0.6,1,,Weezing,Weezing Galarian,,,,,,
Weezing,110,110 Weezing.jpg,Poison,,,65,90,120,85,70,60,1.2,9.5,Koffing,,,,,,,,
Weezing Galarian,110,110 Weezing Galarian.jpg,Poison,Fairy,,65,90,120,85,70,60,3,16,Koffing,,,,,,,,
Rhyhorn,111,111 Rhyhorn.jpg,Ground,Rock,,80,85,95,30,30,25,1,115,,Rhydon,,,,,,,
Rhydon,112,112 Rhydon.jpg,Ground,Rock,,105,130,120,45,45,40,1.9,120,Rhyhorn,Rhyperior,,,,,,,
Rhyperior,464,112-464 Rhyperior.jpg,Ground,Rock,,115,140,130,55,55,40,2.4,282.8,Rhydon,,,,,,,,
Tangela,114,114 Tangela.jpg,Grass,,,65,55,115,100,40,60,1,35,,Tangrowth,,,,,,,
Tangrowth,465,114-465 Tangrowth.jpg,Grass,,,100,100,125,110,50,50,2,128.6,Tangela,,,,,,,,
Kangaskhan,115,115 Kangaskhan.jpg,Normal,,,105,95,80,40,80,90,2.2,80,,Mega Kangaskhan,,,,,,,
Mega Kangaskhan,115,115.5 Mega Kangaskhan.jpg,Normal,,,105,125,100,60,100,100,2.2,100,Kangaskhan,,,,,,,,
Horsea,116,116 Horsea.jpg,Water,,,30,40,70,70,25,60,0.4,8,,Seadra,,,,,,,
Seadra,117,117 Seadra.jpg,Water,,,55,65,95,95,45,85,1.2,25,Horsea,Kingdra,,,,,,,
Kingdra,230,117-230 Kingdra.jpg,Water,Dragon,,75,95,95,95,95,85,1.8,152,Seadra,,,,,,,,
Goldeen,118,118 Goldeen.jpg,Water,,,45,67,6,35,50,63,0.6,15,,Seaking,,,,,,,
Seaking,119,119 Seaking.jpg,Water,,,80,92,5,65,80,68,1.3,39,Goldeen,,,,,,,,
Staryu,120,120 Staryu.jpg,Water,,,30,45,55,70,55,85,0.8,34.5,,Starmie,,,,,,,
Starmie,121,121 Starmie.jpg,Water,Psychic,,60,75,85,100,85,115,1.1,80,Staryu,,,,,,,,
Scyther,123,123 Scyther.jpg,Bug,Flying,,70,110,80,55,80,105,1.5,56,,Scizor,,,,,,,
Scizor,212,123-212 Scizor.jpg,Bug,Steel,,70,130,100,55,80,65,1.8,118,Scyther,Mega Scizor,,,,,,,
Mega Scizor,212,123-212-212.5 Mega Scizor.jpg,Bug,Steel,,70,150,140,65,100,75,2,125,Scizor,,,,,,,,
Pinsir,127,127 Pinsir.jpg,Bug,,,65,125,100,55,70,85,1.5,55,,Mega Pinsir,,,,,,,
Mega Pinsir,127,127.5 Mega Pinsir.jpg,Bug,Flying,,65,155,120,65,90,105,1.7,59,Pinsir,,,,,,,,
Tauros,128,128 Tauros.jpg,Normal,,,75,100,95,40,70,110,1.4,88.4,,,,,,,,,
Magikarp,129,129 Magikarp.jpg,Water,,,20,10,55,15,20,80,0.9,10,,Gyarados,,,,,,,
Gyarados,130,130 Gyarados.jpg,Water,Flying,,95,125,79,60,100,81,6.5,235,Magikarp,Mega Gyarados,,,,,,,
Mega Gyarados,130,130.5 Mega Gyarados.jpg,Water,Dark,,95,155,109,70,130,81,6.5,305,Gyarados,,,,,,,,
Lapras,131,131 Lapras.jpg,Water,Ice,,130,85,80,85,95,60,2.5,220,,,,,,,,,
Ditto,132,132 Ditto.jpg,Normal,,,48,48,48,48,48,48,0.3,4,,,,,Espeon,Umbreon,Leafeon,Glaceon,Sylveon
Eevee,133,133 Eevee.jpg,Normal,,,55,55,50,45,65,55,0.3,6.5,,Vaporeon,Jolteon,Flareon,,,,,
Vaporeon,134,133-134 Vaporeon.jpg,Water,,,130,65,60,110,95,65,1,29,Eevee,,,,,,,,
Jolteon,135,133-135 Jolteon.jpg,Electric,,,65,65,60,110,95,130,0.8,24.5,Eevee,,,,,,,,
Flareon,136,133-136 Flareon.jpg,Fire,,,65,130,60,95,110,65,0.9,25,Eevee,,,,,,,,
Espeon,196,133-196 Espeon.jpg,Psychic,,,65,65,60,130,95,110,0.9,26.5,Eevee,,,,,,,,
Umbreon,197,133-197 Umbreon.jpg,Dark,,,95,65,110,60,130,65,1,27,Eevee,,,,,,,,
Leafeon,470,133-470 Leafeon.jpg,Grass,,,65,110,130,60,65,95,1,25,Eevee,,,,,,,,
Glaceon,471,133-471 Glaceon.jpg,Ice,,,65,60,110,130,95,65,0.8,25.9,Eevee,,,,,,,,
Sylveon,700,133-700 Sylveon.jpg,Fairy,,,95,65,65,110,130,60,1,23.5,Eevee,,,,,,,,
Porygon,137,137 Porygon.jpg,Normal,,,65,60,70,85,75,40,0.8,36.5,,Porygon2,,,,,,,
Porygon2,233,137-233 Porygon2.jpg,Normal,,,85,80,90,105,95,60,0.6,32.5,Porygon,Porygon-Z,,,,,,,
Porygon-Z,474,137-233-474 Porygon-Z.jpg,Normal,,,85,80,70,135,75,90,0.9,34,Porygon2,,,,,,,,
Omanyte,138,138 Omanyte.jpg,Rock,Water,,35,40,100,90,55,35,0.4,7.5,,Omastar,,,,,,,
Omastar,139,139 Omastar.jpg,Rock,Water,,70,60,125,115,70,55,1,35,Omanyte,,,,,,,,
Kabuto,140,140 Kabuto.jpg,Rock,Water,,30,80,90,55,45,55,0.5,11.5,,Kabutops,,,,,,,
Kabutops,141,141 Kabutops.jpg,Rock,Water,,60,115,105,65,70,80,1.3,40.5,Kabuto,,,,,,,,
Aerodactyl,142,142 Aerodactyl.jpg,Rock,Flying,,80,105,65,60,75,130,1.8,59,,Mega Aerodactyl,,,,,,,
Mega Aerodactyl,142,142.5 Mega Aerodactyl.jpg,Rock,Flying,,80,135,85,70,95,150,2.1,79,Aerodactyl,,,,,,,,
Articuno,144,144 Articuno.jpg,Ice,Flying,,90,85,100,95,125,85,1.7,55.4,,,,,,,,,
Articuno Galarian,144,144 Articuno Galarian.jpg,Psychic,Flying,,90,85,85,125,100,95,1.7,50.9,,,,,,,,,
Zapdos,145,145 Zapdos.jpg,Electric,Flying,,90,90,85,125,90,100,1.6,52.6,,,,,,,,,
Zapdos Galarian,145,145 Zapdos Galarian.jpg,Fighting,Flying,,90,125,90,85,90,100,1.6,58.2,,,,,,,,,
Moltres,146,146 Moltres.jpg,Fire,Flying,,90,100,90,125,85,90,2,60,,,,,,,,,
Moltres Galarian,146,146 Moltres Galarian.jpg,Dark,Flying,,90,85,90,100,125,90,2,66,,,,,,,,,
Dratini,147,147 Dratini.jpg,Dragon,,,41,64,45,50,50,50,1.8,3.3,,Dragonair,,,,,,,
Dragonair,148,148 Dragonair.jpg,Dragon,,,61,84,65,70,70,70,4,16.5,Dratini,Dragonite,,,,,,,
Dragonite,149,149 Dragonite.jpg,Dragon,Flying,,91,134,95,100,100,80,2.2,210,Dragonair,,,,,,,,
Mewtwo,150,150 Mewtwo.jpg,Psychic,,,106,110,90,154,90,130,2,122,,Mega Mewtwo X,Mega Mewtwo Y,,,,,,
Mega Mewtwo X,150,150.5 Mega Mewtwo X.jpg,Psychic,Fighting,,106,190,100,154,100,130,2.3,127,Mewtwo,,,,,,,,
Mega Mewtwo Y,150,150.5 Mega Mewtwo Y.jpg,Psychic,,,106,150,70,194,120,140,1.5,33,Mewtwo,,,,,,,,
Mew,151,151 Mew.jpg,Psychic,,,100,100,100,100,100,100,0.4,4,,,,,,,,,
Chikorita,152,152 Chikorita.jpg,Grass,,,45,49,65,49,5,45,0.9,6.4,,Bayleef,,,,,,,
Bayleef,153,153 Bayleef.jpg,Grass,,,60,62,80,63,80,60,1.2,15.8,Chikorita,Meganium,,,,,,,
Meganium,154,154 Meganium.jpg,Grass,,,80,82,100,83,100,82,1.8,100,Bayleef,,,,,,,,
Cyndaquil,155,155 Cyndaquil.jpg,Fire,,,39,52,43,60,50,65,0.5,7.9,,Quilava,,,,,,,
Quilava,156,156 Quilava.jpg,Fire,,,58,64,58,80,65,80,0.9,19,Cyndaquil,Typhlosion,,,,,,,
Typhlosion,157,157 Typhlosion.jpg,Fire,,,78,84,78,109,85,100,1.7,79.5,Quilava,,,,,,,,
Totodile,158,158 Totodile.jpg,Water,,,50,65,64,44,48,43,0.6,9.5,,Croconaw,,,,,,,
Croconaw,159,159 Croconaw.jpg,Water,,,65,80,80,59,63,58,1.1,25,Totodile,Feraligatr,,,,,,,
Feraligatr,160,160 Feraligatr.jpg,Water,,,85,105,100,79,83,78,2.3,88.8,Croconaw,,,,,,,,
Sentret,161,161 Sentret.jpg,Normal,,,35,46,34,35,45,20,0.8,6,,Furret,,,,,,,
Furret,162,162 Furret.jpg,Normal,,,85,76,64,45,55,90,1.8,32.5,Sentret,,,,,,,,
Hoothoot,163,163 Hoothoot.jpg,Normal,Flying,,60,30,30,36,56,50,0.7,21.2,,Noctowl,,,,,,,
Noctowl,164,164 Noctowl.jpg,Normal,Flying,,100,50,50,86,96,70,1.6,40.8,Hoothoot,,,,,,,,
Ledyba,165,165 Ledyba.jpg,Bug,Flying,,40,20,30,40,80,55,1,10.8,,Ledian,,,,,,,
Ledian,166,166 Ledian.jpg,Bug,Flying,,55,35,50,55,110,85,1.4,35.6,Ledyba,,,,,,,,
Spinarak,167,167 Spinarak.jpg,Bug,Poison,,40,60,40,40,40,30,0.5,8.5,,Ariados,,,,,,,
Ariados,168,168 Ariados.jpg,Bug,Poison,,70,90,70,60,70,40,1.1,33.5,Spinarak,,,,,,,,
Chinchou,170,170 Chinchou.jpg,Water,Electric,,75,38,38,56,56,67,0.5,12,,Lanturn,,,,,,,
Lanturn,171,171 Lanturn.jpg,Water,Electric,,125,58,58,76,76,67,1.2,22.5,Chinchou,,,,,,,,
Pichu,172,172 Pichu.jpg,Electric,,,20,40,15,35,35,60,0.3,2,,Pikachu,,,,,,,
Pikachu,25,172-025 Pikachu.jpg,Electric,,,35,55,40,50,50,90,0.4,6,Pichu,Raichu,Raichu Alolan,,,,,,
Raichu,26,172-025-026 Raichu.jpg,Electric,,,60,90,55,90,80,110,0.8,30,Pikachu,,,,,,,,
Raichu Alolan,26,172-025-026 Raichu Alolan.jpg,Electric,Psychic,,60,85,50,95,85,110,0.7,21,Pikachu,,,,,,,,
Cleffa,173,173 Cleffa.jpg,Fairy,,,50,25,28,45,55,15,0.3,3,,Clefairy,,,,,,,
Clefairy,35,173-035 Clefairy.jpg,Fairy,,,70,45,48,60,65,35,0.6,7.5,Cleffa,Clefable,,,,,,,
Clefable,36,173-035-036 Clefable.jpg,Fairy,,,95,70,73,95,90,60,1.3,40,Clefairy,,,,,,,,
Igglybuff,174,174 Igglybuff.jpg,Normal,Fairy,,90,30,15,40,20,15,0.3,1,,Jigglypuff,,,,,,,
Jigglypuff,39,174-039 Jigglypuff.jpg,Normal,Fairy,,115,45,20,45,25,20,0.5,5.5,Igglybuff,Wigglytuff,,,,,,,
Wigglytuff,40,174-039-040 Wigglytuff.jpg,Normal,Fairy,,140,70,45,85,50,45,1,12,Jigglypuff,,,,,,,,
Togepi,175,175 Togepi.jpg,Fairy,,,35,20,65,40,65,20,0.3,1.5,,Togetic,,,,,,,
Togetic,176,176 Togetic.jpg,Fairy,Flying,,55,40,85,80,105,40,0.6,3.2,Togepi,Togekiss,,,,,,,
Togekiss,468,176-468 Togekiss.jpg,Fairy,Flying,,85,50,95,120,115,80,1.5,38,Togetic,,,,,,,,
Natu,177,177 Natu.jpg,Pschic,Flying,,40,50,45,70,45,70,0.2,2,,Xatu,,,,,,,
Xatu,178,178 Xatu.jpg,Pschic,Flying,,65,75,70,95,70,95,1.5,15,Natu,,,,,,,,
Mareep,179,179 Mareep.jpg,Electric,,,55,40,40,65,45,35,0.6,7.8,,Flaaffy,,,,,,,
Flaaffy,180,180 Flaaffy.jpg,Electric,,,70,55,55,80,60,45,0.8,13.3,Mareep,Ampharos,,,,,,,
Ampharos,181,181 Ampharos.jpg,Electric,,,90,75,85,115,90,55,1.4,61.5,Flaaffy,Mega Ampharos,,,,,,,
Mega Ampharos,181,181.5 Mega Ampharos.jpg,Electric,Dragon,,90,95,105,165,110,45,1.4,61.5,Ampharos,,,,,,,,
Hoppip,187,187 Hoppip.jpg,Grass,Flying,,35,35,40,35,55,50,0.4,0.5,,Skiploom,,,,,,,
Skiploom,188,188 Skiploom.jpg,Grass,Flying,,55,45,50,45,65,80,0.6,1,Hoppip,Jumpluff,,,,,,,
Jumpluff,189,189 Jumpluff.jpg,Grass,Flying,,75,55,70,55,95,110,0.8,3,Skiploom,,,,,,,,
Aipom,190,190 Aipom.jpg,Normal,,,55,70,55,40,55,85,0.8,11.5,,Ambipom,,,,,,,
Ambipom,424,190-424 Ambipom.jpg,Normal,,,75,100,66,60,66,115,1.2,20.3,Aipom,,,,,,,,
Sunkern,191,191 Sunkern.jpg,Grass,,,30,30,30,30,30,30,0.3,1.8,,Sunflora,,,,,,,
Sunflora,192,192 Sunflora.jpg,Grass,,,75,75,55,105,85,30,0.8,8.5,Sunkern,,,,,,,,
Yanma,193,193 Yanma.jpg,Bug,Flying,,65,65,45,75,45,95,1.2,38,,Yanmega,,,,,,,
Yanmega,469,193-469 Yanmega.jpg,Bug,Flying,,86,76,86,116,56,95,1.9,51.5,Yanma,,,,,,,,
Wooper,194,194 Wooper.jpg,Water,Ground,,55,45,45,25,25,15,0.4,8.5,,Quagsire,,,,,,,
Quagsire,195,195 Quagsire.jpg,Water,Ground,,95,85,85,65,65,35,1.4,75,Wooper,,,,,,,,
Murkrow,198,198 Murkrow.jpg,Dark,Flying,,60,85,42,85,42,91,0.5,2.1,,Honchkrow,,,,,,,
Honchkrow,430,198-430 Honchkrow.jpg,Dark,Flying,,100,125,52,105,52,71,0.9,27.3,Murkrow,,,,,,,,
Misdreavus,200,200 Misdreavus.jpg,Ghost,,,60,60,60,85,85,85,0.7,1,,Mismagius,,,,,,,
Mismagius,429,200-429 Mismagius.jpg,Ghost,,,60,60,60,105,105,105,0.9,4.4,Misdreavus,,,,,,,,
Unown,201,201 Unown.jpg,Psychic,,,48,72,48,72,48,48,0.5,5,,,,,,,,,
Girafarig,203,203 Girafarig.jpg,Normal,Psychic,,70,80,65,90,65,85,1.5,41.5,,,,,,,,,
Pineco,204,204 Pineco.jpg,Bug,,,50,65,90,35,35,15,0.6,7.2,,Forretress,,,,,,,
Forretress,205,205 Forretress.jpg,Bug,Steel,,75,90,140,60,60,40,1.2,125.8,Pineco,,,,,,,,
Dunsparce,206,206 Dunsparce.jpg,Normal,,,100,70,70,65,65,45,1.5,14,,,,,,,,,
Gligar,207,207 Gligar.jpg,Ground,Flying,,65,75,105,35,65,85,1.1,64.8,,Gliscor,,,,,,,
Gliscor,472,207-472 Gliscor.jpg,Ground,Flying,,75,95,125,45,75,95,2,42.5,Gligar,,,,,,,,
Snubbull,209,209 Snubbull.jpg,Fairy,,,60,80,50,40,40,30,0.6,7.8,,Granbull,,,,,,,
Granbull,210,210 Granbull.jpg,Fairy,,,90,120,75,60,60,45,1.4,48.7,Snubbull,,,,,,,,
Qwilfish,211,211 Qwilfish.jpg,Water,Poison,,65,95,85,55,55,85,0.5,3.9,,,,,,,,,
Shuckle,213,213 Shuckle.jpg,Bug,Rock,,20,10,230,10,230,5,0.6,20.5,,,,,,,,,
Heracross,214,214 Heracross.jpg,Bug,Fighting,,80,125,75,40,95,85,1.5,54,,Mega Heracross,,,,,,,
Mega Heracross,214,214.5 Mega Heracross.jpg,Bug,Fighting,,80,185,115,40,105,75,1.7,62.5,Heracross,,,,,,,,
Sneasel,215,215 Sneasel.jpg,Dark,Ice,,55,95,55,35,75,115,0.9,28,,Weavile,,,,,,,
Weavile,461,215-461 Weavile.jpg,Dark,Ice,,70,120,65,45,85,125,1.1,34,Sneasel,,,,,,,,
Teddiursa,216,216 Teddiursa.jpg,Normal,,,60,80,50,50,50,40,0.6,8.8,,Ursaring,,,,,,,
Ursaring,217,217 Ursaring.jpg,Normal,,,90,130,75,75,75,55,1.8,125.8,Teddiursa,,,,,,,,
Slugma,218,218 Slugma.jpg,Fire,,,40,40,40,70,40,20,0.7,35,,Magcargo,,,,,,,
Magcargo,219,219 Magcargo.jpg,Fire,Rock,,60,50,120,90,80,30,0.8,55,Slugma,,,,,,,,
Swinub,220,220 Swinub.jpg,Ice,Ground,,50,50,40,30,30,50,0.4,6.5,,Piloswine,,,,,,,
Piloswine,221,221 Piloswine.jpg,Ice,Ground,,100,100,80,60,60,50,1.1,55.8,Swinub,Mamoswine,,,,,,,
Mamoswine,473,221-473 Mamoswine.jpg,Ice,Ground,,110,130,80,70,60,80,2.5,291,Piloswine,,,,,,,,
Corsola,222,222 Corsola.jpg,Water,Rock,,65,55,95,65,95,35,0.6,5,,,,,,,,,
Corsola Galarian,222,222 Corsola Galarian.jpg,Ghost,,,60,55,100,65,100,30,0.6,0.5,,Cursola,,,,,,,
Cursola,864,222-864 Cursola.jpg,Ghost,,,60,95,50,145,130,30,1,0.4,Corsola Galarian,,,,,,,,
Remoraid,223,223 Remoraid.jpg,Water,,,35,65,35,65,35,65,0.6,12,,Octillery,,,,,,,
Octillery,224,224 Octillery.jpg,Water,,,75,105,75,105,75,45,0.9,28.5,Remoraid,,,,,,,,
Delibird,225,225 Delibird.jpg,Ice,Flying,,45,55,45,65,45,75,0.9,16,,,,,,,,,
Skarmory,227,227 Skarmory.jpg,Steel,Flying,,65,80,140,40,70,70,1.7,50.5,,,,,,,,,
Houndour,228,228 Houndour.jpg,Dark,Fire,,45,60,30,80,50,65,0.6,10.8,,Houndoom,,,,,,,
Houndoom,229,229 Houndoom.jpg,Dark,Fire,,75,90,50,110,80,95,1.4,35,Houndour,Mega Houndoom,,,,,,,
Mega Houndoom,229,229.5 Mega Houndoom.jpg,Dark,Fire,,75,90,90,140,90,115,1.9,49.5,Houndoom,,,,,,,,
Phanpy,231,231 Phanpy.jpg,Ground,,,90,60,60,40,40,40,0.5,33.5,,Donphan,,,,,,,
Donphan,232,232 Donphan.jpg,Ground,,,90,120,120,60,60,50,1.1,120,Phanpy,,,,,,,,
Stantler,234,234 Stantler.jpg,Normal,,,73,95,62,85,65,85,1.4,71.2,,,,,,,,,
Smeargle,235,235 Smeargle.jpg,Normal,,,55,20,35,20,45,75,1.2,58,,,,,,,,,
Tyrogue,236,236 Tyrogue.jpg,Fighting,,,35,35,35,35,35,35,0.7,21,,Hitmonlee,Hitmonchan,Hitmontop,,,,,
Hitmonlee,106,236-106 Hitmonlee.jpg,Fighting,,,50,120,53,35,110,87,1.5,49.8,Tyrogue,,,,,,,,
Hitmonchan,107,236-107 Hitmonchan.jpg,Fighting,,,50,105,79,35,110,76,1.4,50.2,Tyrogue,,,,,,,,
Hitmontop,237,236-237 Hitmontop.jpg,Fighting,,,50,95,95,35,110,70,1.4,48,Tyrogue,,,,,,,,
Smoochum,238,238 Smoochum.jpg,Ice,Psychic,,45,30,15,85,65,65,0.4,6,,Jynx,,,,,,,
Jynx,124,238-124 Jynx.jpg,Ice,Psychic,,65,50,35,115,95,95,1.4,40.6,Smoochum,,,,,,,,
Elekid,239,239 Elekid.jpg,Electric,,,45,63,37,65,55,95,0.6,23.5,,Electabuzz,,,,,,,
Electabuzz,125,239-125 Electabuzz.jpg,Electric,,,65,83,57,95,85,105,1.1,30,Elekid,Electivire,,,,,,,
Electivire,466,239-125-466 Electivire.jpg,Electric,,,75,123,67,95,85,95,1.8,138.6,Electabuzz,,,,,,,,
Magby,240,240 Magby.jpg,Fire,,,45,75,37,70,55,83,0.7,21.4,,Magmar,,,,,,,
Magmar,126,240-126 Magmar.jpg,Fire,,,65,95,57,100,85,93,1.3,44.5,Magby,Magmortar,,,,,,,
Magmortar,467,240-126-467 Magmortar.jpg,Fire,,,75,95,67,125,95,83,1.6,68,Magmar,,,,,,,,
Miltank,241,241 Miltank.jpg,Normal,,,95,80,105,40,70,100,1.2,75.5,,,,,,,,,
Raikou,243,243 Raikou.jpg,Electric,,,90,85,75,115,100,115,1.9,178,,,,,,,,,
Entei,244,244 Entei.jpg,Fire,,,115,115,85,90,75,100,2.1,198,,,,,,,,,
Suicune,245,245 Suicune.jpg,Water,,,100,75,115,90,115,85,2,187,,,,,,,,,
Larvitar,246,246 Larvitar.jpg,Rock,Ground,,50,64,50,45,50,41,0.6,72,,Pupitar,,,,,,,
Pupitar,247,247 Pupitar.jpg,Rock,Ground,,70,84,70,65,70,51,1.2,152,Larvitar,Tyranitar,,,,,,,
Tyranitar,248,248 Tyranitar.jpg,Rock,Dark,,100,134,110,95,100,61,2,202,Pupitar,Mega Tyranitar,,,,,,,
Mega Tyranitar,248,248.5 Mega Tyranitar.jpg,Rock,Dark,,100,164,150,95,120,71,2.5,255,Tyranitar,,,,,,,,
Lugia,249,249 Lugia.jpg,Psychic,Flying,,106,90,130,90,154,110,5.2,216,,,,,,,,,
Ho-oh,250,250 Ho-oh.jpg,Fire,Flying,,106,130,90,110,154,90,3.8,199,,,,,,,,,
Celebi,251,251 Celebi.jpg,Psychic,Grass,,100,100,100,100,100,100,0.6,5,,,,,,,,,
Treecko,252,252 Treecko.jpg,Grass,,,40,45,35,65,55,70,0.5,5,,Grovyle,,,,,,,
Grovyle,253,253 Grovyle.jpg,Grass,,,50,65,45,85,65,95,0.9,21.6,Treecko,Sceptile,,,,,,,
Sceptile,254,254 Sceptile.jpg,Grass,,,70,85,65,105,85,120,1.7,52.2,Grovyle,Mega Sceptile,,,,,,,
Mega Sceptile,254,254.5 Mega Sceptile.jpg,Grass,,,70,110,75,145,85,145,1.9,55.2,Sceptile,,,,,,,,
Torchic,255,255 Torchic.jpg,Fire,,,45,60,40,70,50,45,0.4,2.5,,Combusken,,,,,,,
Combusken,256,256 Combusken.jpg,Fire,Fighting,,60,85,60,85,60,55,0.9,19.5,Torchic,Blaziken,,,,,,,
Blaziken,257,257 Blaziken.jpg,Fire,Fighting,,80,120,70,110,70,80,1.9,52,Combusken,Mega Blaziken,,,,,,,
Mega Blaziken,257,257.5 Mega Blaziken.jpg,Fire,Fighting,,80,160,80,130,80,100,1.9,52,Blaziken,,,,,,,,
Mudkip,258,258 Mudkip.jpg,Water,,,50,70,50,50,50,40,0.4,7.6,,Marshtomp,,,,,,,
Marshtomp,259,259 Marshtomp.jpg,Water,Ground,,70,85,70,60,70,50,0.7,28,Mudkip,Swampert,,,,,,,
Swampert,260,260 Swampert.jpg,Water,Ground,,100,110,90,85,90,60,1.5,81.9,Marshtomp,Mega Swampert,,,,,,,
Mega Swampert,260,260.5 Mega Swampert.jpg,Water,Ground,,100,150,110,95,110,70,1.9,102,Swampert,,,,,,,,
Poochyena,261,261 Poochyena.jpg,Dark,,,35,55,35,30,30,35,0.5,13.6,,Mightyena,,,,,,,
Mightyena,262,262 Mightyena.jpg,Dark,,,70,90,70,60,60,70,1,37,Poochyena,,,,,,,,
Zigzagoon,263,263 Zigzagoon.jpg,Normal,,,38,30,41,30,41,60,0.4,17.5,,Linoone,,,,,,,
Zigzagoon Galarian,263,263 Zigzagoon Galarian.jpg,Dark,Normal,,38,30,41,30,41,60,0.4,17.5,,Linoone Galarian,,,,,,,
Linoone,264,264 Linoone.jpg,Normal,,,78,70,61,50,61,100,0.5,32.5,Zigzagoon,,,,,,,,
Linoone Galarian,264,264 Linoone Galarian.jpg,Dark,Normal,,78,70,61,50,61,100,0.5,32.5,Zigzagoon Galarian,Obstagoon,,,,,,,
Obstagoon,862,264-862 Obstagoon.jpg,Dark,Normal,,93,90,101,60,81,95,1.6,46,Linoone Galarian,,,,,,,,
Wurmple,265,265 Wurmple.jpg,Bug,,,45,45,35,20,30,20,0.3,3.6,,Silcoon,Cascoon,,,,,,
Silcoon,266,265-266 Silcoon.jpg,Bug,,,50,35,55,25,25,15,0.6,10,Wurmple,Beautifly,,,,,,,
Beautifly,267,265-266-267 Beautifly.jpg,Bug,Flying,,60,70,50,100,50,65,1,28.4,Silcoon,,,,,,,,
Cascoon,268,265-268 Cascoon.jpg,Bug,,,50,35,55,25,25,15,0.7,11.5,Wurmple,Dustox,,,,,,,
Dustox,269,265-268-269 Dustox.jpg,Bug,Poison,,60,50,70,50,90,65,1.2,31.6,Cascoon,,,,,,,,
Lotad,270,270 Lotad.jpg,Water,Grass,,40,30,30,40,50,30,0.5,2.6,,Lombre,,,,,,,
Lombre,271,271 Lombre.jpg,Water,Grass,,60,50,50,60,70,50,1.2,32.5,Lotad,Ludicolo,,,,,,,
Ludicolo,272,272 Ludicolo.jpg,Water,Grass,,80,70,70,90,100,70,1.5,55,Lombre,,,,,,,,
Seedot,273,273 Seedot.jpg,Grass,,,40,40,50,30,30,30,0.5,4,,Nuzleaf,,,,,,,
Nuzleaf,274,274 Nuzleaf.jpg,Grass,Dark,,70,70,40,60,40,60,1,28,Seedot,Shiftry,,,,,,,
Shiftry,275,275 Shiftry.jpg,Grass,Dark,,90,100,60,90,60,80,1.3,59.6,Nuzleaf,,,,,,,,
Taillow,276,276 Taillow.jpg,Normal,Flying,,40,55,30,30,30,85,0.3,2.3,,Swellow,,,,,,,
Swellow,277,277 Swellow.jpg,Normal,Flying,,60,85,60,75,50,125,0.7,19.8,Taillow,,,,,,,,
Wingull,278,278 Wingull.jpg,Water,Flying,,40,30,30,55,30,85,0.6,9.5,,Pelipper,,,,,,,
Pelipper,279,279 Pelipper.jpg,Water,Flying,,60,50,100,95,70,65,1.2,28,Wingull,,,,,,,,
Ralts,280,280 Ralts.jpg,Psychic,Fairy,,28,25,25,45,35,40,0.4,6.6,,Kirlia,,,,,,,
Kirlia,281,281 Kirlia.jpg,Psychic,Fairy,,38,35,35,65,55,50,0.8,20.2,Ralts,Gardevoir,Gallade,,,,,,
Gardevoir,282,281-282 Gardevoir.jpg,Psychic,Fairy,,68,65,65,125,115,80,1.6,48.4,Kirlia,Mega Gardevoir,,,,,,,
Mega Gardevoir,282,281-282-282.5 Mega Gardevoir.jpg,Psychic,Fairy,,68,85,65,165,135,100,1.6,48.4,Gardevoir,,,,,,,,
Gallade,475,281-475 Gallade.jpg,Psychic,Fighting,,68,125,65,65,115,80,1.6,52,Kirlia,Mega Gallade,,,,,,,
Mega Gallade,475,281-475-475.5 Mega Gallade.jpg,Psychic,Fighting,,86,165,95,65,115,110,1.6,56.4,Gallade,,,,,,,,
Surskit,283,283 Surskit.jpg,Bug,Water,,40,30,32,50,52,65,0.5,1.7,,Masquerain,,,,,,,
Masquerain,284,284 Masquerain.jpg,Bug,Flying,,70,60,62,100,82,80,0.8,3.6,Surskit,,,,,,,,
Shroomish,285,285 Shroomish.jpg,Grass,,,60,40,60,40,60,35,0.4,4.5,,Breloom,,,,,,,
Breloom,286,286 Breloom.jpg,Grass,Fighting,,60,130,80,60,60,70,1.2,39.2,Shroomish,,,,,,,,
Slakoth,287,287 Slakoth.jpg,Normal,,,60,60,60,35,35,30,0.8,24,,Vigoroth,,,,,,,
Vigoroth,288,288 Vigoroth.jpg,Normal,,,80,80,80,55,55,90,1.4,46.5,Slakoth,Slaking,,,,,,,
Slaking,289,289 Slaking.jpg,Normal,,,150,160,100,95,65,100,2,130.5,Vigoroth,,,,,,,,
Nincada,290,290 Nincada.jpg,Bug,Ground,,31,45,90,30,30,40,0.5,5.5,,Ninjask,Shedinja,,,,,,
Ninjask,291,291 Ninjask.jpg,Bug,Flying,,61,90,45,50,50,160,0.8,12,Nincada,,,,,,,,
Shedinja,292,292 Shedinja.jpg,Bug,Ghost,,1,90,45,30,30,40,0.8,1.2,Nincada,,,,,,,,
Whismur,293,293 Whismur.jpg,Normal,,,64,51,23,51,23,28,0.6,16.3,,Loudred,,,,,,,
Loudred,294,294 Loudred.jpg,Normal,,,84,71,43,71,43,48,1,40.5,Whismur,Exploud,,,,,,,
Exploud,295,295 Exploud.jpg,Normal,,,104,91,63,91,73,68,1.5,84,Loudred,,,,,,,,
Makuhita,296,296 Makuhita.jpg,Fighting,,,72,60,30,20,30,25,1,68.4,,Hariyama,,,,,,,
Hariyama,297,297 Hariyama.jpg,Fighting,,,144,120,60,40,60,50,2.3,253.8,Makuhita,,,,,,,,
Azurill,298,298 Azurill.jpg,Normal,Fairy,,50,20,40,20,40,20,0.2,2,,Marill,,,,,,,
Marill,183,298-183 Marill.jpg,Water,Fairy,,70,20,50,20,50,40,0.4,8.5,Azurill,Azumarill,,,,,,,
Azumarill,184,298-183-184 Azumarill.jpg,Water,Fairy,,100,50,80,60,80,50,0.8,28.5,Marill,,,,,,,,
Nosepass,299,299 Nosepass.jpg,Rock,,,30,45,135,45,90,30,1,97,,Probopass,,,,,,,
Probopass,476,299-476 Probopass.jpg,Rock,Steel,,60,55,145,75,150,40,1.4,340,Nosepass,,,,,,,,
Skitty,300,300 Skitty.jpg,Normal,,,50,45,45,35,35,50,0.6,11,,Delcatty,,,,,,,
Delcatty,301,301 Delcatty.jpg,Normal,,,70,65,65,55,55,90,1.1,32.6,Skitty,,,,,,,,
Sableye,302,302 Sableye.jpg,Dark,Ghost,,50,75,75,65,65,50,0.5,11,,Mega Sableye,,,,,,,
Mega Sableye,302,302.5 Mega Sableye.jpg,Dark,Ghost,,50,85,125,85,115,20,0.5,161,Sableye,,,,,,,,
Mawile,303,303 Mawile.jpg,Steel,Fairy,,50,85,85,55,55,50,0.6,11.5,,Mega Mawile,,,,,,,
Mega Mawile,303,303.5 Mega Mawile.jpg,Steel,Fairy,,50,105,125,55,95,50,1,23.5,Mega Mawile,,,,,,,,
Aron,304,304 Aron.jpg,Steel,Rock,,50,70,100,40,40,30,0.4,60,,Lairon,,,,,,,
Lairon,305,305 Lairon.jpg,Steel,Rock,,60,90,140,50,50,40,0.9,120,Aron,Aggron,,,,,,,
Aggron,306,306 Aggron.jpg,Steel,Rock,,70,110,180,60,60,50,2.1,360,Lairon,Mega Aggron,,,,,,,
Mega Aggron,306,306.5 Mega Aggron.jpg,Steel,,,70,140,230,60,80,50,2.2,395,Aggron,,,,,,,,
Meditite,307,307 Meditite.jpg,Fighting,Psychic,,30,40,55,40,55,60,0.6,11.2,,Medicham,,,,,,,
Medicham,308,308 Medicham.jpg,Fighting,Psychic,,60,60,75,60,75,80,1.3,31.5,Meditite,Mega Medicham,,,,,,,
Mega Medicham,308,308.5 Meha Medicham.jpg,Fighting,Psychic,,60,100,85,80,85,100,1.3,31.5,Medicham,,,,,,,,
Electrike,309,309 Electrike.jpg,Eletric,,,40,45,40,65,40,65,0.6,15.2,,Manectric,,,,,,,
Manectric,310,310 Manectric.jpg,Eletric,,,70,75,60,105,60,105,1.5,40.2,Electrike,Mega Manectric,,,,,,,
Mega Manectric,310,310.5 Mega Manectric.jpg,Eletric,,,70,75,80,135,80,135,1.8,44,Manectric,,,,,,,,
Plusle,311,311 Plusle.jpg,Eletric,,,60,50,40,85,75,95,0.4,4.2,,,,,,,,,
Minun,312,312 Minun.jpg,Eletric,,,60,40,50,75,85,95,0.4,4.2,,,,,,,,,
Volbeat,313,313 Volbeat.jpg,Bug,,,65,73,75,47,85,85,0.7,17.7,,,,,,,,,
Illumise,314,314 Illumise.jpg,Bug,,,65,47,75,73,85,85,0.6,17.7,,,,,,,,,
Gulpin,316,316 Gulpin.jpg,Poison,,,70,43,53,43,53,40,0.4,10.3,,Swalot,,,,,,,
Swalot,317,317 Swalot.jpg,Poison,,,100,73,83,73,83,55,1.7,80,Gulpin,,,,,,,,
Carvanha,318,318 Carvanha.jpg,Water,Dark,,45,90,20,65,20,65,0.8,20.8,,Sharpedo,,,,,,,
Sharpedo,319,319 Sharpedo.jpg,Water,Dark,,70,120,40,95,40,95,1.8,88.8,Carvanha,Mega Sharpedo,,,,,,,
Mega Sharpedo,319,319.5 Mega Sharpedo.jpg,Water,Dark,,70,140,70,110,65,105,2.5,130.3,Sharpedo,,,,,,,,
Wailmer,320,320 Wailmer.jpg,Water,,,130,70,35,70,35,60,2,130,,Wailord,,,,,,,
Wailord,321,321 Wailord.jpg,Water,,,170,90,45,90,45,60,14.5,398,Wailmer,,,,,,,,
Numel,322,322 Numel.jpg,Fire,Ground,,60,60,40,65,45,35,0.7,24,,Camerupt,,,,,,,
Camerupt,323,323 Camerupt.jpg,Fire,Ground,,70,100,70,105,75,40,1.9,220,Numel,Mega Camerupt,,,,,,,
Mega Camerupt,323,323.5 Mega Camerupt.jpg,Fire,Ground,,70,120,100,145,105,20,2.5,320.5,Camerupt,,,,,,,,
Torkoal,324,324 Torkoal.jpg,Fire,,,70,85,140,85,70,20,0.5,80.4,,,,,,,,,
Spoink,325,325 Spoink.jpg,Psychic,,,60,25,35,70,80,60,0.7,30.6,,,,,,,,,
Grumpig,326,326 Grumpig.jpg,Psychic,,,80,45,65,90,110,80,0.9,71.5,,,,,,,,,
Spinda,327,327 Spinda.jpg,Normal,,,60,60,60,60,60,60,1.1,5,,,,,,,,,
Trapinch,328,328 Trapinch.jpg,Ground,,,45,100,45,45,45,10,0.7,15,,Vibrava,,,,,,,
Vibrava,329,329 Vibrava.jpg,Ground,Dragon,,50,70,50,50,50,70,1.1,15.3,Trapinch,Flygon,,,,,,,
Flygon,330,330 Flygon.jpg,Ground,Dragon,,80,100,80,80,80,100,2,82,Vibrava,,,,,,,,
Cacnea,331,331 Cacnea.jpg,Grass,,,50,85,40,85,40,35,0.4,51.3,,Cacturne,,,,,,,
Cacturne,332,332 Cacturne.jpg,Grass,Dark,,70,115,60,115,60,55,1.3,77.4,Cacnea,,,,,,,,
Swablu,333,333 Swablu.jpg,Normal,Flying,,45,40,60,40,75,50,0.4,1.2,,Altaria,,,,,,,
Altaria,334,334 Altaria.jpg,Dragon,Flying,,75,70,90,70,105,80,1.1,20.6,Swablu,Mega Altaria,,,,,,,
Mega Altaria,334,334.5 Mega Altaria.jpg,Dragon,Fairy,,75,110,110,110,105,80,1.5,20.6,Altaria,,,,,,,,
Zangoose,335,335 Zangoose.jpg,Normal,,,73,115,60,60,60,90,1.3,40.3,,,,,,,,,
Seviper,336,336 Seviper.jpg,Poison,,,73,100,60,100,60,65,2.7,52.5,,,,,,,,,
Lunatone,337,337 Lunatone.jpg,Rock,Psychic,,90,55,65,95,85,70,1,168,,,,,,,,,
Solrock,338,338 Solrock.jpg,Rock,Psychic,,90,95,85,55,65,70,1.2,154,,,,,,,,,
Barboach,339,339 Barboach.jpg,Water,Ground,,50,48,43,46,41,60,0.4,1.9,,Whiscash,,,,,,,
Whiscash,340,340 Whiscash.jpg,Water,Ground,,110,78,73,76,71,60,0.9,23.6,Barboach,,,,,,,,
Corphish,341,341 Corphish.jpg,Water,,,43,80,65,50,35,35,0.6,11.5,,Crawdaunt,,,,,,,
Crawdaunt,342,342 Crawdaunt.jpg,Water,Dark,,63,120,85,90,55,55,1.1,32.8,Corphish,,,,,,,,
Baltoy,343,343 Baltoy.jpg,Ground,Psychic,,40,40,55,40,70,55,0.5,21.5,,Claydol,,,,,,,
Claydol,344,344 Claydol.jpg,Ground,Psychic,,60,70,105,70,120,75,1.5,108,Baltoy,,,,,,,,
Lileep,345,345 Lileep.jpg,Rock,Grass,,66,41,77,61,87,23,1,23.8,,Cradily,,,,,,,
Cradily,346,346 Cradily.jpg,Rock,Grass,,86,81,97,81,107,43,1.5,60.4,Lileep,,,,,,,,
Anorith,347,347 Anorith.jpg,Rock,Bug,,45,95,50,0,50,75,0.7,12.5,,Armaldo,,,,,,,
Armaldo,348,348 Armaldo.jpg,Rock,Bug,,75,125,100,70,80,45,1.5,68.2,Anorith,,,,,,,,
Feebas,349,349 Feebas.jpg,Water,,,20,15,20,10,55,80,0.6,7.4,,Milotic,,,,,,,
Milotic,350,350 Milotic.jpg,Water,,,95,60,79,100,125,81,6.2,162,Feebas,,,,,,,,
Castform,351,351 Castform.jpg,Normal,,,70,70,70,70,70,70,0.3,0.8,,,,,,,,,
Castform Rainy,351,351 Castform Rainy.jpg,Water,,,70,70,70,70,70,70,0.3,0.8,,,,,,,,,
Castform Snowy,351,351 Castform Snowy.jpg,Ice,,,70,70,70,70,70,70,0.3,0.8,,,,,,,,,
Castform Sunny,351,351 Castform Sunny.jpg,Fire,,,70,70,70,70,70,70,0.3,0.8,,,,,,,,,
Kecleon,352,352 Kecleon.jpg,Normal,,,60,90,70,60,120,40,1,22,,,,,,,,,
Shuppet,353,353 Shuppet.jpg,Ghost,,,44,75,35,63,33,45,0.6,2.3,,Banette,,,,,,,
Banette,354,354 Banette.jpg,Ghost,,,64,115,65,83,63,65,1.1,12.5,Shuppet,Mega Banette,,,,,,,
Mega Banette,354,354.5 Mega Banette.jpg,Ghost,,,64,165,75,93,83,75,1.2,13,Banette,,,,,,,,
Duskull,355,355 Duskull.jpg,Ghost,,,20,40,90,30,90,25,0.8,15,,Dusclops,,,,,,,
Dusclops,356,356 Dusclops.jpg,Ghost,,,40,70,130,60,130,25,1.6,30.6,Duskull,Dusknoir,,,,,,,
Dusknoir,477,356-477 Dusknoir.jpg,Ghost,,,45,100,135,65,135,45,2.2,106,Dusclops,,,,,,,,
Tropius,357,357 Tropius.jpg,Grass,Flying,,99,68,83,72,87,51,2,100,,,,,,,,,
Absol,359,359 Absol.jpg,Dark,,,65,130,60,75,60,75,1.2,47,,Mega Absol,,,,,,,
Mega Absol,359,359.5 Mega Absol.jpg,Dark,,,65,150,60,115,60,115,1.2,49,Absol,,,,,,,,
Wynaut,360,360 Wynaut.jpg,Psychic,,,95,23,48,23,48,23,0.6,14,,Wobbuffet,,,,,,,
Wobbuffet,202,360-202 Wobbuffet.jpg,Psychic,,,190,33,58,33,58,33,1.3,28.5,Wynaut,,,,,,,,
Snorunt,361,361 Snorunt.jpg,Ice,,,50,50,50,50,50,50,0.7,16.8,,Glalie,Froslass,,,,,,
Glalie,362,361-362 Glalie.jpg,Ice,,,80,80,80,80,80,80,1.5,256.5,Snorunt,Mega Glalie,,,,,,,
Mega Glalie,362,361-362-362.5 Mega Glalie.jpg,Ice,,,80,120,80,120,80,100,2.1,350.2,Glalie,,,,,,,,
Froslass,478,361-478 Froslass.jpg,Ice,Ghost,,70,80,70,80,70,110,1.3,26.6,Snorunt,,,,,,,,
Spheal,363,363 Spheal.jpg,Ice,Water,,70,40,50,55,50,25,0.8,39.5,,Sealeo,,,,,,,
Sealeo,364,364 Sealeo.jpg,Ice,Water,,90,60,70,75,70,45,1.1,87.6,Spheal,Walrein,,,,,,,
Walrein,365,365 Walrein.jpg,Ice,Water,,110,80,90,95,90,65,1.4,150.6,Sealeo,,,,,,,,
Clamperl,366,366 Clamperl.jpg,Water,,,35,64,85,74,55,32,0.4,52.5,,Huntail,Gorebyss,,,,,,
Huntail,367,366-367 Huntail.jpg,Water,,,55,104,105,94,75,52,1.7,27,Clamperl,,,,,,,,
Gorebyss,368,366-368 Gorebyss.jpg,Water,,,55,84,105,114,75,52,1.8,22.6,Clamperl,,,,,,,,
Relicanth,369,369 Relicanth.jpg,Water,Rock,,100,90,130,45,65,55,1,23.4,,,,,,,,,
Luvdisc,370,370 Luvdisc.jpg,Water,,,43,30,55,0,65,97,0.6,8.7,,,,,,,,,
Bagon,371,371 Bagon.jpg,Dragon,,,45,75,60,40,30,50,0.6,42.1,,Shelgon,,,,,,,
Shelgon,372,372 Shelgon.jpg,Dragon,,,65,95,100,60,50,50,1.1,110.5,Bagon,Salamence,,,,,,,
Salamence,373,373 Salamence.jpg,Dragon,Flying,,95,135,80,110,80,100,1.5,102.6,Shelgon,Mega Salamence,,,,,,,
Mega Salamence,373,373.5 Mega Salamence.jpg,Dragon,Flying,,95,145,130,120,90,120,1.8,12.6,Salamence,,,,,,,,
Beldum,374,374 Beldum.jpg,Steel,Psychic,,40,55,80,35,60,30,0.6,95.2,,Beldum,,,,,,,
Metang,375,375 Metang.jpg,Steel,Psychic,,60,75,100,55,80,50,1.2,202.5,Beldum,Metang,,,,,,,
Metagross,376,376 Metagross.jpg,Steel,Psychic,,80,135,130,95,90,70,1.6,550,Metang,Metagross,,,,,,,
Mega Metagross,376,376.5 Mega Metagross.jpg,Steel,Psychic,,80,145,150,105,110,110,2.5,942.9,Metagross,,,,,,,,
Regirock,377,377 Regirock.jpg,Rock,,,80,100,200,50,100,50,1.7,230,,,,,,,,,
Regice,378,378 Regice.jpg,Ice,,,80,50,100,100,200,50,1.8,175,,,,,,,,,
Registeel,379,379 Registeel.jpg,Steel,,,80,75,150,75,150,50,1.9,205,,,,,,,,,
Latias,380,380 Latias.jpg,Dragon,Psychic,,80,80,90,110,130,110,1.4,40,,Mega Latias,,,,,,,
Mega Latias,380,380.5 Mega Latias.jpg,Dragon,Psychic,,80,100,120,140,150,110,1.8,52,Latias,,,,,,,,
Latios,381,381 Latios.jpg,Dragon,Psychic,,80,90,80,130,110,110,2,60,,Mega Latios,,,,,,,
Mega Latios,381,381.5 Mega Latios.jpg,Dragon,Psychic,,80,130,100,160,120,110,2.3,70,Latios,,,,,,,,
Kyogre,382,382 Kyogre.jpg,Water,,,100,100,90,150,140,90,4.5,352,,Kyogre Primal,,,,,,,
Kyogre Primal,382,382.5 Kyogre Primal.jpg,Water,,,100,150,90,180,160,90,9.8,430,Kyogre,,,,,,,,
Groudon,383,383 Groudon.jpg,Ground,,,100,150,140,100,90,90,3.5,950,,Groudon Primal,,,,,,,
Groudon Primal,383,383.5 Groudon Primal.jpg,Ground,Fire,,100,180,160,150,90,90,5,999.7,Groudon,,,,,,,,
Rayquaza,384,384 Rayquaza.jpg,Dragon,Flying,,105,150,90,150,90,95,7,206.5,,Mega Rayquaza,,,,,,,
Mega Rayquaza,384,384.5 Mega Rayquaza.jpg,Dragon,Flying,,105,180,100,180,100,115,10.8,392,Rayquaza,,,,,,,,
Jirachi,385,385 Jirachi.jpg,Steel,Psychic,,100,100,100,100,100,100,0.3,1.1,,,,,,,,,
Deoxys,386,386 Deoxys Attack.jpg,Psychic,,,50,95,90,95,90,180,1.7,60.8,,,,,,,,,
Deoxys,386,386 Deoxys Defense.jpg,Psychic,,,50,95,90,95,90,180,1.7,60.8,,,,,,,,,
Deoxys,386,386 Deoxys Normal.jpg,Psychic,,,50,95,90,95,90,180,1.7,60.8,,,,,,,,,
Deoxys,386,386 Deoxys Speed.jpg,Psychic,,,50,95,90,95,90,180,1.7,60.8,,,,,,,,,
Turtwig,387,387 Turtwig.jpg,Grass,,,55,68,64,45,55,31,0.4,10.2,,Grotle,,,,,,,
Grotle,388,388 Grotle.jpg,Grass,,,75,89,85,55,65,63,1.1,97,Turtwig,Torterra,,,,,,,
Torterra,389,389 Torterra.jpg,Grass,Ground,,95,109,105,75,85,56,2.2,310,Grotle,,,,,,,,
Chimchar,390,390 Chimchar.jpg,Fire,,,44,58,44,58,44,61,0.5,6.2,,Monferno,,,,,,,
Monferno,391,391 Monferno.jpg,Fire,Fighting,,64,78,52,78,52,81,0.9,22,Chimchar,Infernape,,,,,,,
Infernape,392,392 Infernape.jpg,Fire,Fighting,,76,104,71,104,71,108,1.2,55,Monferno,,,,,,,,
Piplup,393,393 Piplup.jpg,Water,,,53,51,53,61,56,40,0.4,5.2,,Prinplup,,,,,,,
Prinplup,394,394 Prinplup.jpg,Water,,,64,66,68,81,76,50,0.8,23,Piplup,Empoleon,,,,,,,
Empoleon,395,395 Empoleon.jpg,Water,Steel,,84,86,88,111,101,60,1.7,84.5,Prinplup,,,,,,,,
Starly,396,396 Starly.jpg,Normal,Flying,,40,55,30,30,30,60,0.3,2,,Staravia,,,,,,,
Staravia,397,397 Staravia.jpg,Normal,Flying,,55,75,50,40,40,80,0.6,15.5,Starly,Staraptor,,,,,,,
Staraptor,398,398 Staraptor.jpg,Normal,Flying,,85,120,70,50,60,100,1.2,24.9,Staravia,,,,,,,,
Bidoof,399,399 Bidoof.jpg,Normal,,,59,45,40,35,40,31,0.5,20,,Bibarel,,,,,,,
Bibarel,400,400 Bibarel.jpg,Normal,Water,,79,85,60,55,60,71,1,31.5,Bidoof,,,,,,,,
Kricketot,401,401 Kricketot.jpg,Bug,,,37,25,41,25,14,25,0.3,2.2,,Kricketune,,,,,,,
Kricketune,402,402 Kricketune.jpg,Bug,,,77,85,51,55,51,65,1,25.5,Kricketot,,,,,,,,
Shinx,403,403 Shinx.jpg,Electric,,,45,65,34,40,34,45,0.5,9.5,,Luxio,,,,,,,
Luxio,404,404 Luxio.jpg,Electric,,,60,85,49,60,94,60,0.9,30.5,Shinx,Luxray,,,,,,,
Luxray,405,405 Luxray.jpg,Electric,,,80,120,79,95,79,70,1.4,2,Luxio,,,,,,,,
Budew,406,406 Budew.jpg,Grass,Poison,,40,30,35,50,70,55,0.2,1.2,,Roselia,,,,,,,
Roselia,315,406-315 Roselia.jpg,Grass,Poison,,50,60,45,100,80,65,0.3,2,Budew,Roserade,,,,,,,
Roserade,407,406-315-407 Roserade.jpg,Grass,Poison,,60,70,65,125,105,90,0.9,14.5,Roselia,,,,,,,,
Cranidos,408,408 Cranidos.jpg,Rock,,,67,125,40,30,30,58,0.9,31.5,,Rampardos,,,,,,,
Rampardos,409,409 Rampardos.jpg,Rock,,,97,165,60,65,50,58,1.6,102.5,Cranidos,,,,,,,,
Shieldon,410,410 Shieldon.jpg,Rock,Steel,,30,42,118,42,88,30,0.5,57,,Bastiodon,,,,,,,
Bastiodon,411,411 Bastiodon.jpg,Rock,Steel,,60,52,168,47,138,30,1.3,149.5,Shieldon,,,,,,,,
Burmy Plant,412,412 Burmy Plant.jpg,Bug,Grass,,40,29,45,29,45,36,0.2,3.4,,Wormadam Plant,,,,,,,
Burmy Sandy,412,412 Burmy Sandy.jpg,Bug,Ground,,40,29,45,29,45,36,0.2,3.4,,Wormadam Sandy,,,,,,,
Burmy Trash,412,412 Burmy Trash.jpg,Bug,Steel,,40,29,45,29,45,36,0.2,3.4,,Wormadam Trash,,,,,,,
Wormadam Plant,413,413 Wormadam Plant.jpg,Bug,Grass,,60,59,85,79,105,36,0.5,6.5,Burmy Plant,Mothim,,,,,,,
Wormadam Sandy,413,413 Wormadam Sandy.jpg,Bug,Ground,,60,79,105,59,85,36,0.5,6.5,Burmy Sandy,Mothim,,,,,,,
Wormadam Trash,413,413 Wormadam Trash.jpg,Bug,Steel,,60,69,95,69,95,36,0.5,6.5,Burmy Trash,Mothim,,,,,,,
Mothim,414,414 Mothim.jpg,Bug,Flying,,70,94,50,94,50,66,0.9,23.3,"Wormadam Plant, Wormadam Sandy, Wormadam Trash",,,,,,,,
Combee,415,415 Combee.jpg,Bug,Flying,,30,30,42,30,42,70,0.3,5.5,,Vespiquen,,,,,,,
Vespiquen,416,416 Vespiquen.jpg,Bug,Flying,,70,80,102,80,102,40,1.2,38.5,Combee,,,,,,,,
Pachirisu,417,417 Pachirisu.jpg,Electric,,,60,45,70,45,90,95,0.4,3.9,,,,,,,,,
Buizel,418,418 Buizel.jpg,Water,,,55,65,35,60,30,85,0.7,29.5,,Floatzel,,,,,,,
Floatzel,419,419 Floatzel.jpg,Water,,,85,105,55,85,50,115,1.1,33.5,Buizel,,,,,,,,
Cherubi,420,420 Cherubi.jpg,Grass,,,45,35,45,62,53,35,0.4,3.3,,Cherrim Overcast,Cherrim Sunny,,,,,,
Cherrim Overcast,421,421 Cherrim Overcast.jpg,Grass,,,70,60,70,87,78,85,0.5,9.3,Cherubi,,,,,,,,
Cherrim Sunny,421,421 Cherrim Sunny.jpg,Grass,,,70,60,70,87,78,85,0.5,9.3,Cherubi,,,,,,,,
Shellos East,422,422 Shellos East.jpg,Water,,,76,48,48,57,62,34,0.3,6.3,,Gastrodon East,,,,,,,
Shellos West,422,422 Shellos West.jpg,Water,,,76,48,48,57,62,34,0.3,6.3,,Gastrodon West,,,,,,,
Gastrodon East,423,423 Gastrodon East.jpg,Water,Ground,,111,83,68,92,82,39,0.9,29.9,Shellos East,,,,,,,,
Gastrodon West,423,423 Gastrodon West.jpg,Water,Ground,,111,83,68,92,82,39,0.9,29.9,Shellos West,,,,,,,,
Drifloon,425,425 Drifloon.jpg,Ghost,Flying,,90,50,34,60,44,70,0.4,1.2,,Drifblim,,,,,,,
Drifblim,426,426 Drifblim.jpg,Ghost,Flying,,150,80,44,90,54,80,1.2,15,Drifloon,,,,,,,,
Buneary,427,427 Buneary.jpg,Normal,,,55,66,44,44,56,85,0.4,5.5,,Lopunny,,,,,,,
Lopunny,428,428 Lopunny.jpg,Normal,,,65,76,84,544,96,105,1.2,33.3,Buneary,Mega Lopunny,,,,,,,
Mega Lopunny,428,428.5 Mega Lopunny.jpg,Normal,Fighting,,65,136,94,54,96,135,1.3,28.3,Lopunny,,,,,,,,
Glameow,431,431 Glameow.jpg,Normal,,,94,55,42,42,37,85,0.5,3.9,,Purugly,,,,,,,
Purugly,432,432 Purugly.jpg,Normal,,,71,82,64,664,59,112,1,43.8,Glameow,,,,,,,,
Chingling,433,433 Chingling.jpg,Psychic,,,45,30,50,65,50,45,0.2,0.6,,Chimecho,,,,,,,
Chimecho,358,433-358 Chimecho.jpg,Psychic,,,75,50,80,95,90,65,0.6,1,Chingling,,,,,,,,
Stunky,434,434 Stunky.jpg,Poison,Dark,,63,63,47,41,41,74,0.4,19.2,,Skuntank,,,,,,,
Skuntank,435,435 Skuntank.jpg,Poison,Dark,,103,93,67,71,61,84,1,38,Stunky,,,,,,,,
Bronzor,436,436 Bronzor.jpg,Steel,Psychic,,57,24,86,24,86,23,0.5,60.5,,Bronzong,,,,,,,
Bronzong,437,437 Bronzong.jpg,Steel,Psychic,,67,89,116,79,116,33,1.3,187,Bronzor,,,,,,,,
Bonsly,438,438 Bonsly.jpg,Rock,,,50,80,95,10,45,10,0.5,15,,Sudowoodo,,,,,,,
Sudowoodo,185,438-185 Sudowoodo.jpg,Rock,,,70,100,115,30,65,30,1.2,38,Bonsly,,,,,,,,
Mime Jr.,439,439 Mime Jr..jpg,Psychic,Fairy,,20,25,45,70,90,60,0.6,13,,Mr. Mime,Mr. Mime Galarian,,,,,,
Mr. Mime,122,439-122 Mr. Mime.jpg,Psychic,Fairy,,40,45,65,100,120,90,1.3,54.5,Mime Jr.,Mr. Rime,,,,,,,
Mr. Mime Galarian,122,439-122 Mr. Mime Galarian.jpg,Ice,Psychic,,50,65,65,90,90,100,1.4,56.8,Mime Jr.,,,,,,,,
Mr. Rime,866,439-122-866 Mr. Rime.jpg,Ice,Psychic,,80,85,75,110,100,70,1.5,58.2,Mr. Mime Galarian,,,,,,,,
Happiny,440,440 Happiny.jpg,Normal,,,100,5,5,15,65,30,0.6,24.4,,Chansey,,,,,,,
Chansey,113,440-113 Chansey.jpg,Normal,,,250,5,5,35,105,50,1.1,34.6,Happiny,Blissey,,,,,,,
Blissey,242,440-113-242 Blissey.jpg,Normal,,,255,10,10,75,135,55,1.5,46.8,Chansey,,,,,,,,
Chatot,441,441 Chatot.jpg,Normal,Flying,,76,65,45,92,42,91,0.5,1.9,,,,,,,,,
Spiritomb,442,442 Spiritomb.jpg,Ghost,Dark,,50,92,108,92,108,35,1,108,,,,,,,,,
Gible,443,443 Gible.jpg,Dragon,Ground,,58,70,45,40,45,42,0.7,20.5,,Gabite,,,,,,,
Gabite,444,444 Gabite.jpg,Dragon,Ground,,68,90,65,50,55,82,1.4,56,Gible,Garchomp,,,,,,,
Garchomp,445,445 Garchomp.jpg,Dragon,Ground,,108,130,95,80,85,102,1.9,95,Gabite,Mega Garchomp,,,,,,,
Mega Garchomp,445,445.5 Mega Garchomp.jpg,Dragon,Ground,,108,170,115,120,95,92,1.9,95,Garchomp,,,,,,,,
Munchlax,446,446 Munchlax.jpg,Normal,,,135,85,40,40,85,5,0.6,105,,Snorlax,,,,,,,
Snorlax,143,446-143 Snorlax.jpg,Normal,,,160,110,65,65,110,30,2.1,460,Munchlax,,,,,,,,
Riolu,447,447 Riolu.jpg,Fighting,,,40,70,40,35,40,60,0.7,20,,Lucario,,,,,,,
Lucario,448,448 Lucario.jpg,Fighting,Steel,,70,110,70,115,70,90,1.2,54,Riolu,Mega Lucario,,,,,,,
Mega Lucario,448,448.5 Mega Lucario.jpg,Fighting,Steel,,70,145,88,140,70,112,1.3,57.5,Lucario,,,,,,,,
Hippopotas,449,449 Hippopotas.jpg,Ground,,,68,72,78,38,42,32,0.8,49.5,,Hippowdon,,,,,,,
Hippowdon,450,450 Hippowdon.jpg,Ground,,,108,112,118,68,72,47,2,300,Hippopotas,,,,,,,,
Skorupi,451,451 Skorupi.jpg,Poison,Bug,,40,50,90,30,55,65,0.8,12,,Drapion,,,,,,,
Drapion,452,452 Drapion.jpg,Poison,Dark,,70,90,110,60,75,95,1.3,61.5,Skorupi,,,,,,,,
Croagunk,453,453 Croagunk.jpg,Poison,Fighting,,48,61,40,61,40,50,0.7,23,,Toxicroak,,,,,,,
Toxicroak,454,454 Toxicroak.jpg,Poison,Fighting,,83,106,65,86,65,85,1.3,44.4,Croagunk,,,,,,,,
Carnivine,455,455 Carnivine.jpg,Grass,,,74,100,72,90,72,46,1.4,27,,,,,,,,,
Finneon,456,456 Finneon.jpg,Water,,,49,49,56,61,49,66,0.4,7,,Lumineon,,,,,,,
Lumineon,457,457 Lumineon.jpg,Water,,,69,69,76,69,86,91,1.2,24,Finneon,,,,,,,,
Mantyke,458,458 Mantyke.jpg,Water,Flying,,45,20,50,60,120,50,1,65,,Mantine,,,,,,,
Mantine,226,458-226 Mantine.jpg,Water,Flying,,85,40,70,80,140,70,2.1,220,Mantyke,,,,,,,,
Snover,459,459 Snover.jpg,Grass,Ice,,60,62,50,62,60,40,1,50.5,,Abomasnow,,,,,,,
Abomasnow,460,460 Abomasnow.jpg,Grass,Ice,,90,92,75,92,85,60,2.2,135.5,Snover,Mega Abomasnow,,,,,,,
Mega Abomasnow,460,460.5 Mega Abomasnow.jpg,Grass,Ice,,90,132,105,132,105,30,2.7,185,Abomasnow,,,,,,,,
Rotom,479,479 Rotom.jpg,Electric,Ghost,,50,50,77,95,77,91,0.3,0.3,,,,,,,,,
Rotom Fan,479,479 Rotom Fan.jpg,Electric,Flying,,50,65,107,105,107,86,0.3,0.3,,,,,,,,,
Rotom Frost,479,479 Rotom Frost.jpg,Electric,Ice,,50,65,107,105,107,86,0.3,0.3,,,,,,,,,
Rotom Heat,479,479 Rotom Heat.jpg,Electric,Fire,,50,65,107,105,107,86,0.3,0.3,,,,,,,,,
Rotom Mow,479,479 Rotom Mow.jpg,Electric,Grass,,50,65,107,105,107,86,0.3,0.3,,,,,,,,,
Rotom Wash,479,479 Rotom Wash.jpg,Electric,Water,,50,65,107,105,107,86,0.3,0.3,,,,,,,,,
Uxie,480,480 Uxie.jpg,Psychic,,,75,75,130,75,130,95,0.3,0.3,,,,,,,,,
Mesprit,481,481 Mesprit.jpg,Psychic,,,80,105,105,105,105,80,0.3,0.3,,,,,,,,,
Azelf,482,482 Azelf.jpg,Psychic,,,75,125,70,125,70,115,0.3,0.3,,,,,,,,,
Dialga,483,483 Dialga.jpg,Steel,Dragon,,100,120,120,150,100,90,5.4,683,,,,,,,,,
Palkia,484,484 Palkia.jpg,Water,Dragon,,90,120,100,150,120,100,4.2,336,,,,,,,,,
Heatran,485,485 Heatran.jpg,Fire,Steel,,91,90,106,130,106,77,1.7,430,,,,,,,,,
Regigigas,486,486 Regigigas.jpg,Normal,,,110,160,110,80,110,100,3.7,420,,,,,,,,,
Giratina Altered,487,487 Giratina Altered.jpg,Ghost,Dragon,,150,100,120,100,120,90,4.5,750,,,,,,,,,
Giratina Origin,487,487 Giratina Origin.jpg,Ghost,Dragon,,150,120,100,120,100,90,6.9,650,,,,,,,,,
Cresselia,488,488 Cresselia.jpg,Psychic,,,120,70,120,75,130,85,1.5,85.6,,,,,,,,,
Phione,489,489 Phione.jpg,Water,,,80,80,80,80,80,80,0.4,3.1,,,,,,,,,
Manaphy,490,490 Manaphy.jpg,Water,,,100,100,100,100,100,100,0.3,1.4,,,,,,,,,
Darkrai,491,491 Darkrai.jpg,Dark,,,70,90,90,135,90,125,1.5,50.5,,,,,,,,,
Shaymin Land,492,492 Shaymin Land.jpg,Grass,,,100,100,100,100,100,100,0.2,2.1,,,,,,,,,
Shaymin Sky,492,492 Shaymin Sky.jpg,Grass,Flying,,100,103,75,120,75,127,0.4,5.2,,,,,,,,,
Arceus,493,493 Arceus.jpg,Normal,,,120,120,120,120,120,120,3.2,320,,,,,,,,,
Victini,494,494 Victini.jpg,Psychic,Fire,,100,100,100,100,100,100,0.4,4,,,,,,,,,
Snivy,495,495 Snivy.jpg,Grass,,,54,45,55,45,55,63,0.6,8.1,,Servine,,,,,,,
Servine,496,496 Servine.jpg,Grass,,,60,60,75,60,75,38,0.8,16,Snivy,Serperior,,,,,,,
Serperior,497,497 Serperior.jpg,Grass,,,75,75,95,75,95,113,3.3,63,Servine,,,,,,,,
Tepig,498,498 Tepig.jpg,Fire,,,65,63,45,45,445,45,0.5,9.9,,Pignite,,,,,,,
Pignite,499,499 Pignite.jpg,Fire,Fighting,,90,93,55,70,55,55,1,55.5,Tepig,Emboar,,,,,,,
Emboar,500,500 Emboar.jpg,Fire,Fighting,,110,123,65,100,65,65,1.6,150,Pignite,,,,,,,,
Oshawott,501,501 Oshawott.jpg,Water,,,55,55,45,63,45,45,0.5,5.9,,Dewott,,,,,,,
Dewott,502,502 Dewott.jpg,Water,,,75,75,60,83,60,60,0.8,24.5,Oshawott,Samurott,,,,,,,
Samurott,503,503 Samurott.jpg,Water,,,95,100,85,108,70,70,1.5,94.6,Dewott,,,,,,,,
Patrat,504,504 Patrat.jpg,Normal,,,45,55,39,35,39,42,0.5,11.6,,Watchog,,,,,,,
Watchog,505,505 Watchog.jpg,Normal,,,60,85,69,60,69,77,1.1,27,Patrat,,,,,,,,
Lillipup,506,506 Lillipup.jpg,Normal,,,45,25,45,25,45,55,0.4,4.1,,Herdier,,,,,,,
Herdier,507,507 Herdier.jpg,Normal,,,65,80,65,35,65,60,0.9,14.7,Lillipup,Stoutland,,,,,,,
Stoutland,508,508 Stoutland.jpg,Normal,,,85,110,90,45,90,80,1.2,61,Herdier,,,,,,,,
Purrloin,509,509 Purrloin.jpg,Dark,,,41,50,37,50,37,66,0.4,10.1,,Liepard,,,,,,,
Liepard,510,510 Liepard.jpg,Dark,,,64,88,50,88,50,106,1.1,37.5,Purrloin,,,,,,,,
Pansage,511,511 Pansage.jpg,Grass,,,50,53,48,53,48,64,0.6,10.5,,Simisage,,,,,,,
Simisage,512,512 Simisage.jpg,Grass,,,75,98,63,98,63,101,1.1,30.5,Pansage,,,,,,,,
Pansear,513,513 Pansear.jpg,Fire,,,50,53,48,53,48,64,0.6,11,,Simisear,,,,,,,
Simisear,514,514 Simisear.jpg,Fire,,,75,98,63,98,63,101,1,28,Pansear,,,,,,,,
Panpour,515,515 Panpour.jpg,Water,,,50,53,48,53,48,64,0.6,13.5,,Simipour,,,,,,,
Simipour,516,516 Simipour.jpg,Water,,,75,98,63,98,63,101,1,29,Panpour,,,,,,,,
Munna,517,517 Munna.jpg,Psychic,,,76,25,45,67,55,24,0.6,23.3,,Musharna,,,,,,,
Musharna,518,518 Musharna.jpg,Psychic,,,116,55,85,107,95,29,1.1,60.5,Munna,,,,,,,,
Pidove,519,519 Pidove.jpg,Normal,Flying,,50,55,50,36,30,43,0.3,2.1,,Tranquill,,,,,,,
Tranquill,520,520 Tranquill.jpg,Normal,Flying,,62,77,62,50,42,65,0.6,15,Pidove,Unfezant Female,Unfezant Male,,,,,,
Unfezant Female,521,521 Unfezant Female.jpg,Normal,Flying,,80,115,80,65,55,93,1.2,29,Tranquill,,,,,,,,
Unfezant Male,521,521 Unfezant Male.jpg,Normal,Flying,,80,115,80,65,55,93,1.2,29,Tranquill,,,,,,,,
Blitzle,522,522 Blitzle.jpg,Electric,,,45,60,32,50,32,76,0.8,29.8,,,,,,,,,
Zebstrika,523,523 Zebstrika.jpg,Electric,,,75,100,63,80,63,116,1.6,79.5,,,,,,,,,
Roggenrola,524,524 Roggenrola.jpg,Rock,,,55,75,85,25,25,15,0.4,18,,,,,,,,,
Boldore,525,525 Boldore.jpg,Rock,,,70,105,105,50,40,20,0.9,102,,,,,,,,,
Gigalith,526,526 Gigalith.jpg,Rock,,,85,135,130,60,80,25,1.7,260,,,,,,,,,
Woobat,527,527 Woobat.jpg,Psychic,Flying,,65,45,43,55,43,72,0.4,2.1,,Swoobat,,,,,,,
Swoobat,528,528 Swoobat.jpg,Psychic,Flying,,67,57,55,77,55,114,0.9,10.5,Woobat,,,,,,,,
Drilbur,529,529 Drilbur.jpg,Ground,,,60,85,40,30,45,68,0.3,8.5,,Excadrill,,,,,,,
Excadrill,530,530 Excadrill.jpg,Ground,Steel,,110,135,60,50,65,88,0.7,40.4,Drilbur,,,,,,,,
Audino,531,531 Audino.jpg,Normal,,,103,60,86,60,86,50,1.1,31,,Mega Audino,,,,,,,
Mega Audino,531.5,531.5 Mega Audino.jpg,Normal,Fairy,,103,60,126,80,126,50,1.5,32,Audino,,,,,,,,
Timburr,532,532 Timburr.jpg,Fighting,,,75,80,55,25,35,35,0.6,12.5,,Gurdurr,,,,,,,
Gurdurr,533,533 Gurdurr.jpg,Fighting,,,85,105,85,40,50,40,1.2,40,Timburr,Conkeldurr,,,,,,,
Conkeldurr,534,534 Conkeldurr.jpg,Fighting,,,105,140,95,55,65,45,1.4,87,Gurdurr,,,,,,,,
Tympole,535,535 Tympole.jpg,Water,,,50,50,40,50,40,64,0.5,4.5,,Palpitoad,,,,,,,
Palpitoad,536,536 Palpitoad.jpg,Water,Ground,,75,65,55,65,55,69,0.8,17,Tympole,Seismitoad,,,,,,,
Seismitoad,537,537 Seismitoad.jpg,Water,Ground,,105,95,75,85,75,74,1.5,62,Palpitoad,,,,,,,,
Throh,538,538 Throh.jpg,Fighting,,,120,100,85,30,85,45,1.3,55.5,,,,,,,,,
Sawk,539,539 Sawk.jpg,Fighting,,,75,125,75,30,75,85,1.4,51,,,,,,,,,
Sewaddle,540,540 Sewaddle.jpg,Bug,Grass,,45,53,70,40,60,42,0.3,2.5,,Swadloon,,,,,,,
Swadloon,541,541 Swadloon.jpg,Bug,Grass,,55,63,90,50,80,42,0.5,7.3,Sewaddle,Leavanny,,,,,,,
Leavanny,542,542 Leavanny.jpg,Bug,Grass,,75,103,80,70,80,92,1.2,20.5,Swadloon,,,,,,,,
Venipede,543,543 Venipede.jpg,Bug,Poison,,30,45,59,30,39,57,0.4,5.3,,Whirlipede,,,,,,,
Whirlipede,544,544 Whirlipede.jpg,Bug,Poison,,40,55,99,40,79,47,1.2,58.5,Venipede,Scolipede,,,,,,,
Scolipede,545,545 Scolipede.jpg,Bug,Poison,,60,100,89,55,69,112,2.5,200.5,Whirlipede,,,,,,,,
Cottonee,546,546 Cottonee.jpg,Grass,Fairy,,40,27,60,37,50,66,0.3,0.6,,Whimsicott.,,,,,,,
Whimsicott.,547,547 Whimsicott.jpg,Grass,Fairy,,60,67,85,77,75,116,0.7,6.6,Cottonee,,,,,,,,
Petilil,548,548 Petilil.jpg,Grass,,,45,35,50,70,50,30,0.5,6.6,,Petilil,,,,,,,
Lilligant,549,549 Lilligant.jpg,Grass,,,70,60,75,110,75,90,1.1,16.3,Petilil,,,,,,,,
Basculin Blue Striped,550,550 Basculin Blue Striped.jpg,Water,,,70,92,65,80,55,98,1,18,,,,,,,,,
Basculin Red Striped,550,550 Basculin Red Striped.jpg,Water,,,70,92,65,80,55,98,1,18,,,,,,,,,
Sandile,551,551 Sandile.jpg,Ground,Dark,,50,72,35,35,35,65,0.7,15.2,,Krokorok,,,,,,,
Krokorok,552,552 Krokorok.jpg,Ground,Dark,,60,82,45,45,45,74,1,33.4,Sandile,Krookodile,,,,,,,
Krookodile,553,553 Krookodile.jpg,Ground,Dark,,95,117,80,65,70,92,1.5,96.3,Krokorok,,,,,,,,
Darumaka,554,554 Darumaka.jpg,Fire,,,70,90,45,15,45,50,0.6,37.5,,Darmanitan Zen,Darmanitan Standard,,,,,,
Darumaka Galarian,554,554 Darumaka Galarian.jpg,Ice,,,70,90,45,15,45,50,0.7,40,,Darmanitan Galarian Zen,Darmanitan Galarian Standard,,,,,,
Darmanitan Standard,555,555 Darmanitan Standard.jpg,Fire,,,105,140,55,30,55,95,1.3,92.9,Darumaka,,,,,,,,
Darmanitan Zen,555,555 Darmanitan Zen.jpg,Fire,Psychic,,105,30,105,140,105,55,1.3,92.9,Darumaka,,,,,,,,
Darmanitan Galarian Standard,555,555 Darmanitan Galarian Standard.jpg,Ice,,,105,140,55,30,55,95,1.7,120,Darumaka Galarian,,,,,,,,
Darmanitan Galarian Zen,555,555 Darmanitan Galarian Zen.jpg,Ice,Fire,,105,160,55,30,55,135,1.7,120,Darumaka Galarian,,,,,,,,
Maractus,556,556 Maractus.jpg,Grass,,,75,86,67,106,67,60,1,28,,,,,,,,,
Dwebble,557,557 Dwebble.jpg,Bug,Rock,,50,65,85,35,35,55,0.3,14.5,,Crustle,,,,,,,
Crustle,558,558 Crustle.jpg,Bug,Rock,,70,105,125,65,75,45,1.4,200,Dwebble,,,,,,,,
Scraggy,559,559 Scraggy.jpg,Dark,Fighting,,50,75,70,35,70,48,0.6,11.8,,Scrafty,,,,,,,
Scrafty,560,560 Scrafty.jpg,Dark,Fighting,,65,90,115,45,115,85,1.1,30,Scraggy,,,,,,,,
Sigilyph,561,561 Sigilyph.jpg,Psychic,Flying,,72,58,80,103,80,97,1.4,14,,,,,,,,,
Yamask,562,562 Yamask.jpg,Ghost,,,38,30,85,55,65,30,0.5,1.5,,Cofagrigus,,,,,,,
Yamask Galarian,562,562 Yamask Galarian.jpg,Ground,Ghost,,38,55,85,30,65,30,0.5,1.5,,Runerigus,,,,,,,
Cofagrigus,563,563 Cofagrigus.jpg,Ghost,,,58,50,145,95,105,30,1.7,76.5,Yamask,,,,,,,,
Runerigus,867,562-867 Runerigus.jpg,Ground,Ghost,,58,95,145,50,105,30,1.6,66.6,Yamask Galarian,,,,,,,,
Tirtouga,564,564 Tirtouga.jpg,Water,Rock,,54,78,103,53,45,22,0.7,16.5,,Carracosta,,,,,,,
Carracosta,565,565 Carracosta.jpg,Water,Rock,,74,108,133,83,65,32,1.2,81,Tirtouga,,,,,,,,
Archen,566,566 Archen.jpg,Rock,Flying,,55,112,45,74,45,70,0.5,9.5,,Archeops,,,,,,,
Archeops,567,567 Archeops.jpg,Rock,Flying,,75,140,65,112,65,110,1.4,32,Archen,,,,,,,,
Trubbish,568,568 Trubbish.jpg,Poison,,,50,50,62,40,62,65,0.6,31,,Garbodor,,,,,,,
Garbodor,569,569 Garbodor.jpg,Poison,,,80,95,82,60,82,75,1.9,107.3,Trubbish,,,,,,,,
Zorua,570,570 Zorua.jpg,Dark,,,40,65,40,80,40,65,0.7,12.5,,Zoroark,,,,,,,
Zoroark,571,571 Zoroark.jpg,Dark,,,60,105,60,120,60,105,1.6,81.1,Zorua,,,,,,,,
Minccino,572,572 Minccino.jpg,Normal,,,55,50,0,0,40,75,0.4,5.8,,Cinccino,,,,,,,
Cinccino,573,573 Cinccino.jpg,Normal,,,75,95,60,65,60,115,0.5,7.5,Minccino,,,,,,,,
Gothita,574,574 Gothita.jpg,Psychic,,,45,30,50,55,65,45,0.4,5.8,,Gothorita,,,,,,,
Gothorita,575,575 Gothorita.jpg,Psychic,,,60,45,70,75,85,55,0.7,18,Gothita,Gothitelle,,,,,,,
Gothitelle,576,576 Gothitelle.jpg,Psychic,,,70,55,95,95,110,65,1.5,44,Gothorita,,,,,,,,
Solosis,577,577 Solosis.jpg,Psychic,,,45,30,40,105,50,20,0.3,1,,Duosion,,,,,,,
Duosion,578,578 Duosion.jpg,Psychic,,,65,40,50,125,60,30,0.6,8,Solosis,Reuniclus,,,,,,,
Reuniclus,579,579 Reuniclus.jpg,Psychic,,,110,65,75,125,85,30,1,20.1,Duosion,,,,,,,,
Ducklett,589,580 Ducklett.jpg,Water,Flying,,62,44,50,44,50,55,0.5,5.5,,Swanna,,,,,,,
Swanna,581,581 Swanna.jpg,Water,Flying,,75,87,63,87,63,98,1.3,24.2,Ducklett,,,,,,,,
Vanillite,582,582 Vanillite.jpg,Ice,,,36,50,50,65,60,44,0.4,5.7,,Vanillish,,,,,,,
Vanillish,583,583 Vanillish.jpg,Ice,,,51,65,65,80,75,59,1.1,41,Vanillite,Vanilluxe,,,,,,,
Vanilluxe,584,584 Vanilluxe.jpg,Ice,,,71,95,85,110,95,79,1.3,57.5,Vanillish,,,,,,,,
Deerling Autumn,585,585 Deerling Autumn.jpg,Normal,Grass,,60,60,50,40,50,75,0.6,19.5,,Sawsbuck Autumn,,,,,,,
Deerling Spring,585,585 Deerling Spring.jpg,Normal,Grass,,60,60,50,40,50,75,0.6,19.5,,Sawsbuck Spring,,,,,,,
Deerling Summer,585,585 Deerling Summer.jpg,Normal,Grass,,60,60,50,40,50,75,0.6,19.5,,Sawsbuck Summer,,,,,,,
Deerling Winter,585,585 Deerling Winter.jpg,Normal,Grass,,60,60,50,40,50,75,0.6,19.5,,Sawsbuck Winter,,,,,,,
Sawsbuck Autumn,586,586 Sawsbuck Autumn.jpg,Normal,Grass,,80,100,70,60,70,95,1.9,92.5,Deerling Autumn,,,,,,,,
Sawsbuck Spring,586,586 Sawsbuck Spring.jpg,Normal,Grass,,80,100,70,60,70,95,1.9,92.5,Deerling Spring,,,,,,,,
Sawsbuck Summer,586,586 Sawsbuck Summer.jpg,Normal,Grass,,80,100,70,60,70,95,1.9,92.5,Deerling Summer,,,,,,,,
Sawsbuck Winter,586,586 Sawsbuck Winter.jpg,Normal,Grass,,80,100,70,60,70,95,1.9,92.5,Deerling Winter,,,,,,,,
Emolga,587,587 Emolga.jpg,Electric,Flying,,55,75,60,75,60,103,0.4,5,,,,,,,,,
Karrablast,588,588 Karrablast.jpg,Bug,,,50,75,45,40,45,60,0.5,5.9,,Escavalier,,,,,,,
Escavalier,589,589 Escavalier.jpg,Bug,Steel,,70,135,105,60,105,20,1,33,Karrablast,,,,,,,,
Foongus,590,590 Foongus.jpg,Grass,Poison,,69,55,45,55,55,15,0.2,1,,Amoonguss,,,,,,,
Amoonguss,591,591 Amoonguss.jpg,Grass,Poison,,114,85,70,85,80,30,0.6,10.5,Foongus,,,,,,,,
Frillish Female,592,592 Frillish Female.jpg,Water,Ghost,,55,40,50,65,85,40,1.2,33,,Jellicent Female,,,,,,,
Frillish Male,592,592 Frillish Male.jpg,Water,Ghost,,55,40,50,65,85,40,1.2,33,,Jellicent Male,,,,,,,
Jellicent Female,593,593 Jellicent Female.jpg,Water,Ghost,,100,60,70,85,105,60,2.2,135,Frillish Female,,,,,,,,
Jellicent Male,593,593 Jellicent Male.jpg,Water,Ghost,,100,60,70,85,105,60,2.2,135,Frillish Male,,,,,,,,
Alomomola,594,594 Alomomola.jpg,Water,,,165,75,80,40,45,65,1.2,31.6,,,,,,,,,
Joltik,595,595 Joltik.jpg,Bug,Electric,,50,47,50,57,50,65,0.1,0.6,,Galvantula,,,,,,,
Galvantula,596,596 Galvantula.jpg,Bug,Electric,,70,77,60,97,60,108,0.8,14.3,Joltik,,,,,,,,
Ferroseed,597,597 Ferroseed.jpg,Grass,Steel,,44,50,91,24,86,10,0.6,18.8,,Ferrothorn,,,,,,,
Ferrothorn,598,598 Ferrothorn.jpg,Grass,Steel,,74,94,131,54,116,20,1,110,Ferroseed,,,,,,,,
Klink,599,599 Klink.jpg,Steel,,,40,55,70,45,60,30,0.3,21,,Klang,,,,,,,
Klang,600,600 Klang.jpg,Steel,,,60,80,95,70,85,50,0.6,51,Klink,Klinklang,,,,,,,
Klinklang,601,601 Klinklang.jpg,Steel,,,60,100,115,70,85,90,0.6,81,Klang,,,,,,,,
Tynamo,602,602 Tynamo.jpg,Electric,,,35,55,40,45,40,60,0.2,0.3,,Eelektrik,,,,,,,
Eelektrik,603,603 Eelektrik.jpg,Electric,,,65,85,70,75,70,40,1.2,22,Tynamo,Eelektross,,,,,,,
Eelektross,604,604 Eelektross.jpg,Electric,,,85,115,80,105,80,50,2.1,80.5,Eelektrik,,,,,,,,
Elgyem,605,605 Elgyem.jpg,Psychic,,,55,55,55,85,55,30,0.5,9,,Beheeyem,,,,,,,
Beheeyem,606,606 Beheeyem.jpg,Psychic,,,75,75,75,125,95,40,1,34.5,Elgyem,,,,,,,,
Litwick,607,607 Litwick.jpg,Ghost,Fire,,50,30,55,65,55,20,0.3,3.1,,Lampent,,,,,,,
Lampent,608,608 Lampent.jpg,Ghost,Fire,,60,40,60,95,60,55,0.6,13,Litwick,Chandelure,,,,,,,
Chandelure,609,609 Chandelure.jpg,Ghost,Fire,,60,55,90,145,90,80,1,34.3,Lampent,,,,,,,,
Axew,610,610 Axew.jpg,Dragon,,,46,87,60,30,40,57,0.6,18,,Fraxure,,,,,,,
Fraxure,611,611 Fraxure.jpg,Dragon,,,66,117,70,40,50,67,1,36,Axew,Haxorus,,,,,,,
Haxorus,612,612 Haxorus.jpg,Dragon,,,76,147,90,60,70,97,1.8,105.5,Fraxure,,,,,,,,
Cubchoo,613,613 Cubchoo.jpg,Ice,,,55,70,40,60,40,40,0.5,8.5,,Beartic,,,,,,,
Beartic,614,614 Beartic.jpg,Ice,,,95,130,80,70,80,50,2.6,260,Cubchoo,,,,,,,,
Cryogonal,615,615 Cryogonal.jpg,Ice,,,80,50,50,95,135,105,1.1,148,,,,,,,,,
Shelmet,616,616 Shelmet.jpg,Bug,,,50,40,85,40,65,25,0.4,7.7,,Accelgor,,,,,,,
Accelgor,617,617 Accelgor.jpg,Bug,,,80,70,40,100,60,145,0.8,25.3,Shelmet,,,,,,,,
Stunfisk,618,618 Stunfisk.jpg,Ground,Electric,,109,66,84,81,99,32,0.7,11,,,,,,,,,
Stunfisk Galarian,618,618 Stunfisk Galarian.jpg,Ground,Steel,,109,81,99,66,84,32,0.7,20.5,,,,,,,,,
Mienfoo,619,619 Mienfoo.jpg,Fighting,,,45,85,50,55,50,65,0.9,20,,Mienshao,,,,,,,
Mienshao,620,620 Mienshao.jpg,Fighting,,,65,125,60,95,60,105,1.4,35.5,Mienfoo,,,,,,,,
Druddigon,621,621 Druddigon.jpg,Dragon,,,77,120,90,60,90,48,1.6,139,,,,,,,,,
Golett,622,622 Golett.jpg,Ground,Ghost,,59,74,50,35,50,35,1,92,,Golurk,,,,,,,
Golurk,623,623 Golurk.jpg,Ground,Ghost,,89,124,80,55,80,55,2.8,330,Golett,,,,,,,,
Pawniard,624,624 Pawniard.jpg,Dark,Steel,,45,85,70,40,40,60,0.5,10.2,,Bisharp,,,,,,,
Bisharp,625,625 Bisharp.jpg,Dark,Steel,,65,125,100,60,70,70,1.6,70,Pawniard,,,,,,,,
Bouffalant,626,626 Bouffalant.jpg,Normal,,,95,110,95,40,95,55,1.6,94.6,,,,,,,,,
Rufflet,627,627 Rufflet.jpg,Normal,Flying,,70,83,50,37,50,60,0.5,10.5,,Braviary,,,,,,,
Braviary,628,628 Braviary.jpg,Normal,Flying,,100,123,75,57,75,80,1.5,41,Rufflet,,,,,,,,
Vullaby,629,629 Vullaby.jpg,Dark,Flying,,70,55,75,45,65,60,0.5,9,,Mandibuzz,,,,,,,
Mandibuzz,630,630 Mandibuzz.jpg,Dark,Flying,,110,65,105,55,95,80,1.2,39.5,Vullaby,,,,,,,,
Heatmor,631,631 Heatmor.jpg,Fire,,,85,97,66,105,66,65,1.4,58,,,,,,,,,
Durant,632,632 Durant.jpg,Bug,Steel,,58,109,112,48,48,109,0.3,33,,,,,,,,,
Deino,633,633 Deino.jpg,Dark,Dragon,,52,65,50,45,50,38,0.8,17.3,,Zweilous,,,,,,,
Zweilous,634,634 Zweilous.jpg,Dark,Dragon,,72,85,70,65,70,58,1.4,50,Deino,Hydreigon,,,,,,,
Hydreigon,635,635 Hydreigon.jpg,Dark,Dragon,,92,105,90,125,90,98,1.8,160,Zweilous,,,,,,,,
Larvesta,636,636 Larvesta.jpg,Bug,Fire,,55,85,55,50,55,60,1.1,28.8,,Volcarona,,,,,,,
Volcarona,637,637 Volcarona.jpg,Bug,Fire,,85,60,65,135,105,100,1.6,46,Larvesta,,,,,,,,
Cobalion,638,638 Cobalion.jpg,Steel,Fighting,,91,90,129,90,72,108,2.1,250,,,,,,,,,
Terrakion,639,639 Terrakion.jpg,Rock,Fighting,,91,129,90,72,90,108,1.9,260,,,,,,,,,
Virizion,640,640 Virizion.jpg,Grass,Fighting,,91,90,72,90,129,108,2,200,,,,,,,,,
Tornadus incarnate,641,641 Tornadus incarnate.jpg,Flying,,,79,115,70,125,80,111,1.5,63,,,,,,,,,
Tornadus Therian,641,641 Tornadus Therian.jpg,Flying,,,79,100,80,110,90,121,1.4,63,,,,,,,,,
Thundurus Incarnate,642,642 Thundurus Incarnate.jpg,Electric,Flying,,79,115,70,125,80,111,1.5,61,,,,,,,,,
Thundurus Therian,642,642 Thundurus Therian.jpg,Electric,Flying,,79,105,70,145,80,101,3,61,,,,,,,,,
Reshiram,643,643 Reshiram.jpg,Dargon,Fire,,100,120,100,150,120,90,3.2,330,,,,,,,,,
Zekrom,644,644 Zekrom.jpg,Dargon,Electric,,100,150,120,120,100,100,2.9,345,,,,,,,,,
Landorus Incarnate,645,645 Landorus Incarnate.jpg,Ground,Flying,,89,125,90,115,80,101,1.5,68,,,,,,,,,
Landorus Therian,645,645 Landorus Therian.jpg,Ground,Flying,,89,145,90,105,80,91,1.3,68,,,,,,,,,
Kyurem,646,646 Kyurem.jpg,Dargon,Ice,,125,130,90,130,90,95,3,325,,,,,,,,,
Kyurem Black,646,646 Kyurem Black.jpg,Dargon,Ice,,125,170,100,120,90,95,3.3,325,,,,,,,,,
Kyurem White,646,646 Kyurem White.jpg,Dargon,Ice,,125,120,90,170,100,95,3.6,325,,,,,,,,,
Vahirom (Kyurem & Reshiram & Zekrom),646,646 Vahirom (Kyurem & Reshiram & Zekrom).jpg,Dargon,Steel,,125,170,100,170,100,95,3.9,325,,,,,,,,,
Keldeo Ordinary,647,647 Keldeo Ordinary.jpg,Water,Fighting,,91,72,90,129,90,108,1.4,48.5,,,,,,,,,
Keldeo Resolute,647,647 Keldeo Resolute.jpg,Water,Fighting,,91,72,90,129,90,108,1.4,48.5,,,,,,,,,
Meloetta Aria,648,648 Meloetta Aria.jpg,Normal,Psychic,,100,77,77,128,128,90,0.6,6.5,,,,,,,,,
Meloetta Pirouette,648,648 Meloetta Pirouette.jpg,Normal,Fighting,,100,128,90,77,77,128,0.6,6.5,,,,,,,,,
Genesect,649,649 Genesect.jpg,Bug,Steel,,71,120,95,120,95,99,1.5,82.5,,,,,,,,,
Chespin,650,650 Chespin.jpg,Grass,,,56,61,65,48,45,38,0.4,9,,Quilladin,,,,,,,
Quilladin,651,651 Quilladin.jpg,Grass,,,61,78,95,56,58,57,0.7,29,Chespin,Chesnaught,,,,,,,
Chesnaught,652,652 Chesnaught.jpg,Grass,Fighting,,88,107,122,74,75,64,1.6,90,Quilladin,,,,,,,,
Fennekin,654,653 Fennekin.jpg,Fire,,,40,45,40,62,60,60,0.4,9.4,,Braixen,,,,,,,
Braixen,654,654 Braixen.jpg,Fire,,,59,59,58,90,70,73,1,14.5,Fennekin,Delphox,,,,,,,
Delphox,655,655 Delphox.jpg,Fire,Psychic,,75,69,72,114,100,104,1.5,39,Braixen,,,,,,,,
Froakie,656,656 Froakie.jpg,Water,,,41,56,40,62,44,71,0.3,7,,Frogadier,,,,,,,
Frogadier,657,657 Frogadier.jpg,Water,,,54,63,52,83,56,97,0.6,10.9,Froakie,Greninja,,,,,,,
Greninja,658,658 Greninja.jpg,Water,Dark,,72,95,67,103,71,122,1.5,40,Frogadier,Ash's Greninja,,,,,,,
Ash's Greninja,658,658.5 Ash's Greninja.jpg,Water,Dark,,72,145,67,153,71,132,1.5,40,Greninja,,,,,,,,
Bunnelby,659,659 Bunnelby.jpg,Normal,,,38,36,38,32,36,57,0.4,5,,Diggersby,,,,,,,
Diggersby,660,660 Diggersby.jpg,Normal,Ground,,85,56,77,50,77,78,1,42.4,Bunnelby,,,,,,,,
Fletchling,661,661 Fletchling.jpg,Normal,Flying,,45,50,43,40,38,62,0.3,1.7,,Fletchinder,,,,,,,
Fletchinder,662,662 Fletchinder.jpg,Fire,Flying,,62,73,55,5,52,84,0.7,16,Fletchling,Talonflame,,,,,,,
Talonflame,663,663 Talonflame.jpg,Fire,Flying,,78,81,71,74,69,126,1.2,24.5,Fletchinder,,,,,,,,
Scatterbug,664,664 Scatterbug.jpg,Bug,,,38,35,40,27,25,35,0.3,2.5,,Spewpa,,,,,,,
Spewpa,665,665 Spewpa.jpg,Bug,,,45,22,60,27,30,29,0.3,8.4,Scatterbug,Vivillon Meadow,,,,,,,
Vivillon Meadow,666,666 Vivillon Meadow.jpg,Bug,Flying,,80,52,50,90,50,89,1.2,17,Spewpa,,,,,,,,
Litleo,667,667 Litleo.jpg,Fire,Normal,,62,50,58,73,54,72,0.6,13.5,,Pyroar Female,Pyroar Male,,,,,,
Pyroar Female,668,668 Pyroar Female.jpg,Fire,Normal,,86,68,72,109,66,106,1.5,81.5,Litleo,,,,,,,,
Pyroar Male,668,668 Pyroar Male.jpg,Fire,Normal,,86,68,72,109,66,106,1.5,81.5,Litleo,,,,,,,,
Flabebe Blue,669,669 Flabebe Blue.jpg,Fairy,,,44,38,39,61,79,42,0.1,0.1,,Floette Blue,,,,,,,
Flabebe Orange,669,669 Flabebe Orange.jpg,Fairy,,,44,38,39,61,79,42,0.1,0.1,,Floette Orange,,,,,,,
Flabebe Red,669,669 Flabebe Red.png,Fairy,,,44,38,39,61,79,42,0.1,0.1,,Floette Red,,,,,,,
Flabebe White,669,669 Flabebe White.jpg,Fairy,,,44,38,39,61,79,42,0.1,0.1,,Floette White,,,,,,,
Flabebe Yellow,669,669 Flabebe Yellow.jpg,Fairy,,,44,38,39,61,79,42,0.1,0.1,,Floette Yellow,,,,,,,
Floette Blue,670,670 Floette Blue.jpg,Fairy,,,54,45,47,75,98,52,0.2,0.9,Flabebe Blue,Florges Bue,,,,,,,
Floette Orange,670,670 Floette Orange.jpg,Fairy,,,54,45,47,75,98,52,0.2,0.9,Flabebe Orange,Florges Orange,,,,,,,
Floette Red,670,670 Floette Red.jpg,Fairy,,,54,45,47,75,98,52,0.2,0.9,Flabebe Red,Florges Red,,,,,,,
Floette White,670,670 Floette White.jpg,Fairy,,,54,45,47,75,98,52,0.2,0.9,Flabebe White,Florges White,,,,,,,
Floette Yellow,670,670 Floette Yellow.jpg,Fairy,,,54,45,47,75,98,52,0.2,0.9,Flabebe Yellow,Florges Yellow,,,,,,,
Florges Bue,671,671 Florges Blue.jpg,Fairy,,,78,65,68,112,154,75,1.1,10,Floette Blue,,,,,,,,
Florges Orange,671,671 Florges Orange.jpg,Fairy,,,78,65,68,112,154,75,1.1,10,Floette Orange,,,,,,,,
Florges Red,671,671 Florges Red.jpg,Fairy,,,78,65,68,112,154,75,1.1,10,Floette Red,,,,,,,,
Florges White,671,671 Florges White.jpg,Fairy,,,78,65,68,112,154,75,1.1,10,Floette White,,,,,,,,
Florges Yellow,671,671 Florges Yellow.jpg,Fairy,,,78,65,68,112,154,75,1.1,10,Floette Yellow,,,,,,,,
Skiddo,672,672 Skiddo.jpg,Grass,,,66,65,48,62,57,52,0.9,31,,Gogoat,,,,,,,
Gogoat,673,673 Gogoat.jpg,Grass,,,123,100,62,97,81,68,1.7,91,Skiddo,,,,,,,,
Pancham,674,674 Pancham.jpg,Fighting,,,67,82,62,46,48,43,0.6,8,,Pangoro,,,,,,,
Pangoro,675,675 Pangoro.jpg,Fighting,Dark,,95,124,78,69,71,58,2.1,136,Pancham,,,,,,,,
Furfrou,676,676 Furfrou.jpg,Normal,,,75,80,60,65,90,102,1.2,28,,,,,,,,,
Espurr,677,677 Espurr.jpg,Psychic,,,62,48,54,63,60,68,0.3,3.5,,Meowstic Female,Meowstic Male,,,,,,
Meowstic Female,678,678 Meowstic Female.jpg,Psychic,,,74,48,76,83,81,104,0.6,8.5,Espurr,,,,,,,,
Meowstic Male,678,678 Meowstic Male.jpg,Psychic,,,74,48,76,83,81,104,0.6,8.5,Espurr,,,,,,,,
Honedge,679,679 Honedge.jpg,Steel,Ghost,,45,80,100,35,37,28,0.8,2,,Doublade,,,,,,,
Doublade,680,680 Doublade.jpg,Steel,Ghost,,59,110,150,54,49,35,0.8,4.5,Honedge,Aegislash Blade,Aegislash Shield,,,,,,
Aegislash Blade,681,681 Aegislash Blade.jpg,Steel,Ghost,,60,50,140,50,140,60,1.7,53,Doublade,,,,,,,,
Aegislash Shield,681,681 Aegislash Shield.jpg,Steel,Ghost,,60,140,50,140,50,60,1.7,53,Doublade,,,,,,,,
Spritzee,682,682 Spritzee.jpg,Fairy,,,78,52,60,63,65,23,0.2,0.5,,Aromatisse,,,,,,,
Aromatisse,683,683 Aromatisse.jpg,Fairy,,,101,72,72,99,889,29,0.8,15.5,Spritzee,,,,,,,,
Swirlix,684,684 Swirlix.jpg,Fairy,,,62,48,66,59,57,49,0.4,3.5,,Slurpuff,,,,,,,
Slurpuff,685,685 Slurpuff.jpg,Fairy,,,82,80,86,85,75,72,0.8,5,Swirlix,,,,,,,,
Inkay,686,686 Inkay.jpg,Dark,Psychic,,53,54,53,37,46,45,0.4,3.5,,Malamar,,,,,,,
Malamar,687,687 Malamar.jpg,Dark,Psychic,,86,92,88,68,75,73,1.5,47,Inkay,,,,,,,,
Binacle,688,688 Binacle.jpg,Rock,Water,,42,52,67,39,56,50,0.5,31,,Barbaracle,,,,,,,
Barbaracle,689,689 Barbaracle.jpg,Rock,Water,,72,105,115,54,86,68,1.3,96,Binacle,,,,,,,,
Skrelp,690,690 Skrelp.jpg,Poison,Water,,50,60,60,60,60,30,0.5,7.3,,Dragalge,,,,,,,
Dragalge,691,691 Dragalge.jpg,Poison,Dragon,,65,75,90,97,123,44,1.8,81.5,Skrelp,,,,,,,,
Clauncher,692,692 Clauncher.jpg,Water,,,50,53,62,5,63,44,0.5,8.3,,Clawitzer,,,,,,,
Clawitzer,693,693 Clawitzer.jpg,Water,,,71,73,88,120,89,59,1.3,35.3,Clauncher,,,,,,,,
Helioptile,694,694 Helioptile.jpg,Electric,Normal,,44,38,33,61,43,70,0.5,6,,Heliolisk,,,,,,,
Heliolisk,695,695 Heliolisk.jpg,Electric,Normal,,62,55,52,109,94,109,1,21,Helioptile,,,,,,,,
Tyrunt,696,696 Tyrunt.jpg,Rock,Dragon,,58,89,77,45,45,48,0.8,26,,Tyrantrum,,,,,,,
Tyrantrum,697,697 Tyrantrum.jpg,Rock,Dragon,,82,121,119,69,59,71,2.5,270,Tyrunt,,,,,,,,
Amaura,698,698 Amaura.jpg,Rock,Ice,,77,59,50,67,63,46,1.3,25.2,,Aurorus,,,,,,,
Aurorus,699,699 Aurorus.jpg,Rock,Ice,,123,72,72,99,92,58,2.7,225,Amaura,,,,,,,,
Hawlucha,701,701 Hawlucha.jpg,Fighting,Flying,,78,92,75,7,63,118,0.8,21.5,,,,,,,,,
Dedenne,702,702 Dedenne.jpg,Electric,Flying,,67,58,57,81,67,101,0.2,2.2,,,,,,,,,
Carbink,703,703 Carbink.jpg,Rock,Flying,,50,50,150,50,150,50,0.3,5.7,,,,,,,,,
Goomy,704,704 Goomy.jpg,Dragon,,,45,50,35,55,75,40,0.3,2.8,,Sliggoo,,,,,,,
Sliggoo,705,705 Sliggoo.jpg,Dragon,,,68,75,53,83,113,60,0.8,17.5,Goomy,Goodra,,,,,,,
Goodra,706,706 Goodra.jpg,Dragon,,,90,100,70,110,150,80,2,150.5,Sliggoo,,,,,,,,
Klefki,707,707 Klefki.jpg,Steel,Flying,,57,80,91,80,87,75,0.2,3,,,,,,,,,
Phantump,708,708 Phantump.jpg,Ghost,Grass,,43,70,48,50,60,38,0.4,7,,Trevenant,,,,,,,
Trevenant,709,709 Trevenant.jpg,Ghost,Grass,,85,110,76,65,82,56,1.5,71,Phantump,,,,,,,,
Pumpkaboo 1 Average Size,710,710 Pumpkaboo 1 Average Size.jpg,Ghost,Grass,,49,66,70,44,55,51,0.4,5,,Gourgeist 1 Average Size,,,,,,,
Pumpkaboo 2 Small Size,710,710 Pumpkaboo 2 Small Size.jpg,Ghost,Grass,,44,66,70,44,55,56,0.3,3.5,,Gourgeist 2 Small Size,,,,,,,
Pumpkaboo 3 Large Size,710,710 Pumpkaboo 3 Large Size.jpg,Ghost,Grass,,54,66,70,44,55,46,0.5,7.5,,Gourgeist 3 Large Size,,,,,,,
Pumpkaboo 4 Super Size,710,710 Pumpkaboo 4 Super Size.jpg,Ghost,Grass,,59,66,70,44,55,41,0.8,15,,Gourgeist 4 Super Size,,,,,,,
Gourgeist 1 Average Size,711,711 Gourgeist 1 Average Size.jpg,Ghost,Grass,,65,90,122,58,75,84,0.9,12.5,Pumpkaboo 1 Average Size,,,,,,,,
Gourgeist 2 Small Size,711,711 Gourgeist 2 Small Size.jpg,Ghost,Grass,,55,85,122,58,75,99,0.7,9.5,Pumpkaboo 2 Small Size,,,,,,,,
Gourgeist 3 Large Size,711,711 Gourgeist 3 Large Size.jpg,Ghost,Grass,,75,95,122,58,75,69,1.1,14,Pumpkaboo 3 Large Size,,,,,,,,
Gourgeist 4 Super Size,711,711 Gourgeist 4 Super Size.jpg,Ghost,Grass,,85,100,122,58,75,54,1.7,39,Pumpkaboo 4 Super Size,,,,,,,,
Bergmite,712,712 Bergmite.jpg,Ice,,,55,69,85,32,35,28,1,99.5,,Avalugg,,,,,,,
Avalugg,713,713 Avalugg.jpg,Ice,,,95,117,184,44,46,28,2,505,Bergmite,,,,,,,,
Noibat,714,714 Noibat.jpg,Flying,Dragon,,40,30,35,45,40,55,0.5,8,,Noivern,,,,,,,
Noivern,715,715 Noivern.jpg,Flying,Dragon,,85,70,80,97,80,123,1.5,85,Noibat,,,,,,,,
Xerneas,716,716 Xerneas.jpg,Fairy,,,126,131,95,131,98,99,3,215,,,,,,,,,
Yveltal,717,717 Yveltal.jpg,Dark,Flying,,126,131,95,131,98,99,5.8,203,,,,,,,,,
Zygarde Core,718,718 Zygarde Core.jpg,Dragon,Ground,,30,30,30,30,30,30,0.2,2.2,,,,,,,,,
Zygarde Cell,718,718 Zygarde Cell.jpg,Dragon,Ground,,10,10,10,10,10,10,0.2,2.2,,,,,,,,,
Zygarde 10%,718,718 Zygarde 10%.jpg,Dragon,Ground,,54,100,71,61,85,115,1.2,33.5,,,,,,,,,
Zygarde 50%,718,718 Zygarde 50%.jpg,Dragon,Ground,,108,100,121,81,95,95,5,305,,,,,,,,,
Zygarde 100%,718,718 Zygarde 100%.jpg,Dragon,Ground,,216,100,121,91,95,85,4.5,610,,,,,,,,,
Diancie,179,719 Diancie.jpg,Rock,Fairy,,50,100,150,100,150,50,0.7,8.8,,Mega Diancie,,,,,,,
Mega Diancie,179,719.5 Mega Diancie.jpg,Rock,Fairy,,50,160,110,160,110,110,1.1,27.8,Diancie,,,,,,,,
Hoopa Confined,720,720 Hoopa Confined.jpg,Psychic,Ghost,,80,110,60,150,130,70,0.5,9,,,,,,,,,
Hoopa Unbound,720,720 Hoopa Unbound.jpg,Psychic,Dark,,80,160,60,170,130,80,6.5,490,,,,,,,,,
Volcanion,721,721 Volcanion.jpg,Fire,Water,,80,110,120,130,90,70,1.7,195,,,,,,,,,
Rowlet,722,722 Rowlet.jpg,Grass,,,68,55,55,50,50,42,0.3,1.5,,Dartrix,,,,,,,
Dartrix,723,723 Dartrix.jpg,Grass,,,78,75,75,70,70,52,0.7,16,Rowlet,Decidueye,,,,,,,
Decidueye,724,724 Decidueye.jpg,Grass,,,78,107,75,100,100,70,1.6,36.6,Dartrix,,,,,,,,
Litten,725,725 Litten.jpg,Fire,,,45,65,40,60,40,70,0.4,4.3,,Torracat,,,,,,,
Torracat,726,726 Torracat.jpg,Fire,,,65,85,50,80,50,90,0.7,25,Litten,Incineroar,,,,,,,
Incineroar,727,727 Incineroar.jpg,Fire,Dark,,95,115,90,80,90,60,1.8,83,Torracat,,,,,,,,
Popplio,278,728 Popplio.jpg,Water,,,50,54,54,66,56,40,0.4,7.5,,Brionne,,,,,,,
Brionne,729,729 Brionne.jpg,Water,,,60,69,69,91,81,50,0.6,17.5,Popplio,Primarina,,,,,,,
Primarina,730,730 Primarina.jpg,Water,Fairy,,80,74,74,126,116,60,1.8,44,Brionne,,,,,,,,
Pikipek,731,731 Pikipek.jpg,Normal,Flying,,35,75,30,30,30,65,0.3,1.2,,Trumbeak,,,,,,,
Trumbeak,732,732 Trumbeak.jpg,Normal,Flying,,55,85,50,40,50,75,0.6,14.8,Pikipek,Toucannon,,,,,,,
Toucannon,733,733 Toucannon.jpg,Normal,Flying,,80,120,75,75,75,60,1.1,26,Trumbeak,,,,,,,,
Yungoos,734,734 Yungoos.jpg,Normal,,,48,70,30,30,30,45,0.4,6,,Gumshoos,,,,,,,
Gumshoos,735,735 Gumshoos.jpg,Normal,,,88,110,60,55,60,45,0.7,14.2,Yungoos,,,,,,,,
Grubbin,736,736 Grubbin.jpg,Bug,,,47,62,45,55,45,46,0.4,4.4,,Charjabug,,,,,,,
Charjabug,737,737 Charjabug.jpg,Bug,Electric,,57,82,95,55,75,36,0.5,10.5,Grubbin,Vikavolt,,,,,,,
Vikavolt,738,738 Vikavolt.jpg,Bug,Electric,,77,70,90,145,75,43,1.5,45,Charjabug,,,,,,,,
Crabrawler,739,739 Crabrawler.jpg,Fighting,,,47,82,57,42,47,63,0.6,7,,Crabominable,,,,,,,
Crabominable,740,740 Crabominable.jpg,Fighting,Ice,,97,132,77,62,67,43,1.7,180,Crabrawler,,,,,,,,
Oricorio Baile,741,741 Oricorio Baile.jpg,Fire,Flying,,75,70,70,98,70,93,0.6,3.4,,,,,,,,,
Oricorio Pa'u,741,741 Oricorio Pa'u.jpg,Electric,Flying,,75,70,70,98,70,93,0.6,3.4,,,,,,,,,
Oricorio Pom-Pom,741,741 Oricorio Pom-Pom.jpg,Psychic,Flying,,75,70,70,98,70,93,0.6,3.4,,,,,,,,,
Oricorio Sensu,741,741 Oricorio Sensu.jpg,Ghost,Flying,,75,70,70,98,70,93,0.6,3.4,,,,,,,,,
Cutiefly,742,742 Cutiefly.jpg,Bug,Fairy,,40,45,40,55,40,84,0.1,0.2,,Ribombee,,,,,,,
Ribombee,743,743 Ribombee.jpg,Bug,Fairy,,60,55,60,95,70,124,0.2,0.5,Cutiefly,,,,,,,,
Rockruff,744,744 Rockruff.jpg,Rock,,,45,65,40,30,40,60,0.5,9.2,,Lycanroc Midday (Rockruff's Evolution),Lycanroc Midnight (Rockruff's Evolution),,,,,,
Rockruff (Own Tempo),744,744 Rockruff (Own Tempo).jpg,Rock,,,45,65,40,30,40,60,0.5,9.2,,Lycanroc Dusk (Rockruff (Own Tempo)'s Evolution),,,,,,,
Lycanroc Midday (Rockruff's Evolution),745,745 Lycanroc Midday (Rockruff's Evolution).jpg,Rock,,,75,115,65,55,65,112,0.8,25,Rockruff,,,,,,,,
Lycanroc Midnight (Rockruff's Evolution),745,745 Lycanroc Midnight (Rockruff's Evolution).jpg,Rock,,,85,115,75,55,75,82,1.1,25,Rockruff,,,,,,,,
Lycanroc Dusk (Rockruff (Own Tempo)'s Evolution),745,745 Lycanroc Dusk (Rockruff (Own Tempo)'s Evolution).jpg,Rock,,,75,117,65,55,65,110,0.8,25,Rockruff (Own Tempo),,,,,,,,
Wishiwashi Solo,746,746 Wishiwashi Solo.jpg,Water,,,45,20,20,25,25,40,0.2,0.3,,,,,,,,,
Wishiwashi School,746,746 Wishiwashi School.jpg,Water,,,45,140,130,140,135,30,8.2,78.6,,,,,,,,,
Mareanie,747,747 Mareanie.jpg,Poison,Water,,50,53,62,43,52,45,0.4,8,,Toxapex,,,,,,,
Toxapex,748,748 Toxapex.jpg,Poison,Water,,50,63,152,53,142,35,0.7,14.5,Mareanie,,,,,,,,
Mudbray,749,749 Mudbray.jpg,Ground,,,70,100,70,45,55,45,1,110,,Mudsdale,,,,,,,
Mudsdale,750,750 Mudsdale.jpg,Ground,,,100,125,100,55,85,35,2.5,920,Mudbray,,,,,,,,
Dewpider,751,751 Dewpider.jpg,Water,Bug,,38,40,52,40,72,27,0.3,4,,Araquanid,,,,,,,
Araquanid,752,752 Araquanid.jpg,Water,Bug,,68,70,92,50,132,42,11.8,82,Dewpider,,,,,,,,
Fomantis,753,753 Fomantis.jpg,Grass,,,40,55,35,50,35,35,0.3,1.5,,Lurantis,,,,,,,
Lurantis,754,754 Lurantis.jpg,Grass,,,70,105,90,80,90,45,0.9,18.5,Fomantis,,,,,,,,
Morelull,755,755 Morelull.jpg,Grass,Fairy,,40,35,55,65,75,15,0.2,1.5,,Shiinotic,,,,,,,
Shiinotic,756,756 Shiinotic.jpg,Grass,Fairy,,60,45,80,90,100,30,1,11.5,Morelull,,,,,,,,
Salandit,757,757 Salandit.jpg,Poison,Fire,,48,44,40,71,40,77,0.6,4.8,,Salazzle,,,,,,,
Salazzle,758,758 Salazzle.jpg,Poison,Fire,,68,64,60,111,60,117,1.2,22.2,Salandit,,,,,,,,
Stufful,758,759 Stufful.jpg,Normal,Fighting,,70,75,50,45,50,50,0.5,6.8,,Bewear,,,,,,,
Bewear,760,760 Bewear.jpg,Normal,Fighting,,120,125,80,55,60,60,2.1,135,Stufful,,,,,,,,
Bounsweet,761,761 Bounsweet.jpg,Grass,,,42,30,38,30,38,32,0.3,3.2,,Steenee,,,,,,,
Steenee,762,762 Steenee.jpg,Grass,,,52,40,48,40,48,62,0.7,8.2,Bounsweet,Tsareena,,,,,,,
Tsareena,763,763 Tsareena.jpg,Grass,,,72,120,98,50,98,72,1.2,21.4,Steenee,,,,,,,,
Comfey,764,764 Comfey.jpg,Fairy,,,51,52,90,82,110,100,0.1,0.3,,,,,,,,,
Oranguru,765,765 Oranguru.jpg,Normal,Psychic,,90,60,80,90,110,60,1.5,76,,,,,,,,,
Passimian,766,766 Passimian.jpg,Fighting,,,100,120,90,40,60,80,2,82.8,,,,,,,,,
Wimpod,767,767 Wimpod.jpg,Bug,Water,,25,35,40,20,30,80,0.5,12,,Golisopod,,,,,,,
Golisopod,768,768 Golisopod.jpg,Bug,Water,,75,125,140,60,90,40,2,108,Wimpod,,,,,,,,
Sandygast,769,769 Sandygast.jpg,Ghost,Ground,,55,55,80,70,45,15,0.5,70,,Palossand,,,,,,,
Palossand,770,770 Palossand.jpg,Ghost,Ground,,85,75,110,100,75,35,1.3,250,Sandygast,,,,,,,,
Pyukumuku,771,771 Pyukumuku.jpg,Water,,,55,60,130,30,130,5,0.3,1.2,,,,,,,,,
Type Null,772,772 Type Null.jpg,Normal,,,95,95,95,95,95,59,1.9,120.5,,Silvally,,,,,,,
Silvally,773,773 Silvally.jpg,Normal,,,95,95,95,95,95,95,2.3,100.5,Type Null,,,,,,,,
,,,,,,,,,,,,,,,,,,,,,,
Komala,775,775 Komala.jpg,,,,,,,,,,,,,,,,,,,,
Turtonator,776,776 Turtonator.jpg,,,,,,,,,,,,,,,,,,,,
Togedemaru,777,777 Togedemaru.jpg,,,,,,,,,,,,,,,,,,,,
Mimikyu,778,778 Mimikyu.jpg,,,,,,,,,,,,,,,,,,,,
Bruxish,779,779 Bruxish.jpg,,,,,,,,,,,,,,,,,,,,
Drampa,780,780 Drampa.jpg,,,,,,,,,,,,,,,,,,,,
Dhelmise,781,781 Dhelmise.jpg,,,,,,,,,,,,,,,,,,,,
Jangmo-o,782,782 Jangmo-o.jpg,,,,,,,,,,,,,Hakamo-o,,,,,,,
Hakamo-o,783,783 Hakamo-o.jpg,,,,,,,,,,,,Jangmo-o,Kommo-o,,,,,,,
Kommo-o,784,784 Kommo-o.jpg,,,,,,,,,,,,Hakamo-o,,,,,,,,
Tapu Koko,785,785 Tapu Koko.jpg,,,,,,,,,,,,,,,,,,,,
Tapu Lele,786,786 Tapu Lele.jpg,,,,,,,,,,,,,,,,,,,,
Tapu Bulu,787,787 Tapu Bulu.jpg,,,,,,,,,,,,,,,,,,,,
Tapu Fini,788,788 Tapu Fini.jpg,,,,,,,,,,,,,,,,,,,,
Cosmog,789,789 Cosmog.jpg,,,,,,,,,,,,,Cosmoem,,,,,,,
Cosmoem,790,790 Cosmoem.jpg,,,,,,,,,,,,Cosmog,Solgaleo,Lunala,,,,,,
Solgaleo,791,791 Solgaleo.jpg,,,,,,,,,,,,Cosmoem,,,,,,,,
Lunala,792,792 Lunala.jpg,,,,,,,,,,,,Cosmoem,,,,,,,,
Nihilego,793,793 Nihilego.jpg,,,,,,,,,,,,,,,,,,,,
Buzzwole,794,794 Buzzwole.jpg,,,,,,,,,,,,,,,,,,,,
Pheromosa,795,795 Pheromosa.jpg,,,,,,,,,,,,,,,,,,,,
Xurkitree,796,796 Xurkitree.jpg,,,,,,,,,,,,,,,,,,,,
Celesteela,797,797 Celesteela.jpg,,,,,,,,,,,,,,,,,,,,
Kartana,798,798 Kartana.jpg,,,,,,,,,,,,,,,,,,,,
Guzzlord,799,799 Guzzlord.jpg,,,,,,,,,,,,,,,,,,,,
Necrozma,800,800 Necrozma.jpg,,,,,,,,,,,,,,,,,,,,
Necrozma Dawn Wings,800,800 Necrozma Dawn Wings.jpg,,,,,,,,,,,,,,,,,,,,
Necrozma Dusk Mane,800,800 Necrozma Dusk Mane.jpg,,,,,,,,,,,,,,,,,,,,
Necrozma Ultra,800,800 Necrozma Ultra.jpg,,,,,,,,,,,,,,,,,,,,
Magearna,801,801 Magearna.jpg,,,,,,,,,,,,,,,,,,,,
Marshadow,802,802 Marshadow.jpg,,,,,,,,,,,,,,,,,,,,
Poipole,803,803 Poipole.jpg,,,,,,,,,,,,,,,,,,,,
Naganadel,804,804 Naganadel.jpg,,,,,,,,,,,,,,,,,,,,
Stakataka,805,805 Stakataka.jpg,,,,,,,,,,,,,,,,,,,,
Blacephalon,806,806 Blacephalon.jpg,,,,,,,,,,,,,,,,,,,,
Zeraora,807,807 Zeraora.jpg,,,,,,,,,,,,,,,,,,,,
Meltan,808,808 Meltan.jpg,,,,,,,,,,,,,Melmetal,,,,,,,
Melmetal,809,809 Melmetal.jpg,,,,,,,,,,,,Meltan,,,,,,,,
Grookey,810,810 Grookey.jpg,,,,,,,,,,,,,Thwackey,,,,,,,
Thwackey,811,811 Thwackey.jpg,,,,,,,,,,,,Grookey,Rillaboom,,,,,,,
Rillaboom,812,812 Rillaboom.jpg,,,,,,,,,,,,Thwackey,,,,,,,,
Scorbunny,813,813 Scorbunny.jpg,,,,,,,,,,,,,Raboot,,,,,,,
Raboot,814,814 Raboot.jpg,,,,,,,,,,,,Scorbunny,Cinderace,,,,,,,
Cinderace,815,815 Cinderace.jpg,,,,,,,,,,,,Raboot,,,,,,,,
Sobble,816,816 Sobble.jpg,,,,,,,,,,,,,Drizzile,,,,,,,
Drizzile,817,817 Drizzile.jpg,,,,,,,,,,,,Sobble,Inteleon,,,,,,,
Inteleon,818,818 Inteleon.jpg,,,,,,,,,,,,Drizzile,,,,,,,,
